CaseMasterID,CrimeNo,CaseNo,CrimeRegisteredDate,PolicePersonID,PoliceStationID,CaseCategoryID,GravityOffenceID,CrimeMajorHeadID,CrimeMinorHeadID,CaseStatusID,CourtID,IncidentFromDate,IncidentToDate,InfoReceivedPSDate,latitude,longitude,BriefFacts
1,104500009202500001,202500001,2025-06-17,23,9,1,2,1,2,2,3,2025-06-17 15:22:00,2025-06-17 15:22:00,2025-06-17 15:22:00,12.32479,76.29064,"On 2025-06-17, Basavaraj Hegde, a resident of 77, Colony, Hunsur, reported that entry was gained through an unsecured rear window and the almirah was ransacked. The incident occurred within the limits of Hunsur Police Station in Mysuru district."
2,104500008202600001,202600001,2026-04-20,19,8,1,2,2,5,2,4,2026-04-18 23:03:00,2026-04-19 01:03:00,2026-04-20 23:03:00,12.11239,76.6639,"On 2026-04-18, Santhosh Swamy, a resident of 173, Main Road, Hunsur, reported that the accused caused hurt with a wooden club following a prior enmity. The incident occurred within the limits of Nanjangud Police Station in Mysuru district."
3,104500007202500001,202500001,2025-11-20,15,7,1,2,1,2,2,3,2025-11-17 02:03:00,2025-11-17 02:03:00,2025-11-20 02:03:00,12.3201,76.63781,"On 2025-11-17, Ananya Patil, a resident of 117, Main Road, Nanjangud, reported that the lock of the main door was broken open while the house was locked and the family was away. The incident occurred within the limits of Krishnaraja Police Station in Mysuru district."
4,104430005202500001,202500001,2025-12-15,12,5,1,2,3,6,2,2,2025-12-13 01:05:00,2025-12-13 03:05:00,2025-12-15 01:05:00,13.03346,77.60139,"On 2025-12-13, Mahesh Shetty, a resident of 118, Extension, Peenya, reported that the complainant was induced to transfer money on the promise of a part-time job. The incident occurred within the limits of RT Nagar Police Station in Bengaluru North district."
5,104300013202600001,202600001,2026-03-27,31,13,1,2,1,3,1,6,2026-03-24 01:09:00,2026-03-24 02:09:00,2026-03-27 01:09:00,17.10753,77.07894,"On 2026-03-24, Prakash Patil, a resident of 61, Layout, Aland, reported that the vehicle was taken from an unattended parking lot after the steering lock was broken. The incident occurred within the limits of Chittapur Police Station in Kalaburagi district."
6,804500008202400001,202400001,2024-10-14,20,8,8,2,1,3,3,3,2024-10-12 04:14:00,2024-10-12 04:14:00,2024-10-14 04:14:00,12.11448,76.69107,"On 2024-10-12, Manjunath Rao, a resident of 166, Cross Road, Nanjangud, reported that the motorcycle parked outside the residence was stolen during the night. The incident occurred within the limits of Nanjangud Police Station in Mysuru district."
7,104430005202600001,202600001,2026-06-26,13,5,1,1,4,7,1,2,2026-06-26 21:37:00,2026-06-26 23:37:00,2026-06-26 21:37:00,13.02591,77.60391,"On 2026-06-26, Girish Swamy, a resident of 119, Main Road, Yelahanka, reported that the accused was found in possession of contraband during a vehicle check at a checkpost. The incident occurred within the limits of RT Nagar Police Station in Bengaluru North district."
8,104430003202400001,202400001,2024-07-12,5,3,1,1,4,7,3,1,2024-07-09 08:38:00,2024-07-09 08:38:00,2024-07-12 08:38:00,13.03313,77.59674,"On 2024-07-09, Prakash Kamath, a resident of 169, Main Road, Peenya, reported that a tip-off led to the seizure of contraband from a rented room. The incident occurred within the limits of Hebbal Police Station in Bengaluru North district."
9,104430005202500002,202500002,2025-07-17,12,5,1,2,3,6,1,2,2025-07-17 19:44:00,2025-07-17 22:44:00,2025-07-17 19:44:00,13.00664,77.61361,"On 2025-07-17, Imran Kulkarni, a resident of 103, Extension, Yelahanka, reported that payment was collected for goods advertised online which were never delivered. The incident occurred within the limits of RT Nagar Police Station in Bengaluru North district."
10,104430002202500001,202500001,2025-08-08,2,2,1,1,4,7,3,1,2025-08-05 23:19:00,2025-08-05 23:19:00,2025-08-08 23:19:00,13.12177,77.59337,"On 2025-08-05, Shwetha Kulkarni, a resident of 163, Main Road, RT Nagar, reported that a tip-off led to the seizure of contraband from a rented room. The incident occurred within the limits of Yelahanka Police Station in Bengaluru North district."
11,104430005202500003,202500003,2025-06-29,12,5,1,2,2,5,1,1,2025-06-28 15:35:00,2025-06-28 18:35:00,2025-06-29 15:35:00,13.0088,77.60825,"On 2025-06-28, Suresh Rao, a resident of 90, Layout, Peenya, reported that a quarrel over a parking dispute escalated and the complainant was assaulted. The incident occurred within the limits of RT Nagar Police Station in Bengaluru North district."
12,104300012202500001,202500001,2025-06-10,28,12,1,2,2,5,2,6,2025-06-09 11:30:00,2025-06-09 13:30:00,2025-06-10 11:30:00,17.55551,76.55778,"On 2025-06-09, Yusuf Hegde, a resident of 101, Layout, Chittapur, reported that a quarrel over a parking dispute escalated and the complainant was assaulted. The incident occurred within the limits of Aland Police Station in Kalaburagi district."
13,104430002202600001,202600001,2026-01-01,3,2,1,2,1,1,3,2,2026-01-01 09:23:00,2026-01-01 10:23:00,2026-01-01 09:23:00,13.09573,77.57983,"On 2026-01-01, Kavitha Jadhav, a resident of 128, Extension, Hebbal, reported that suspects on a motorcycle without a number plate snatched the chain near a bus stop. The incident occurred within the limits of Yelahanka Police Station in Bengaluru North district."
14,104430004202500001,202500001,2025-05-29,8,4,1,2,1,2,3,2,2025-05-26 19:24:00,2025-05-26 22:24:00,2025-05-29 19:24:00,13.0329,77.52935,"On 2025-05-26, Mahesh Shetty, a resident of 118, Extension, Peenya, reported that entry was gained through an unsecured rear window and the almirah was ransacked. The incident occurred within the limits of Peenya Police Station in Bengaluru North district."
15,104300013202600002,202600002,2026-04-20,32,13,1,2,1,3,2,5,2026-04-18 23:01:00,2026-04-19 00:01:00,2026-04-20 23:01:00,17.10222,77.07583,"On 2026-04-18, Pooja Swamy, a resident of 118, Cross Road, Chittapur, reported that the two-wheeler was stolen from outside a commercial complex in broad daylight. The incident occurred within the limits of Chittapur Police Station in Kalaburagi district."
16,104500009202500002,202500002,2025-06-26,23,9,1,2,1,2,1,3,2025-06-25 13:32:00,2025-06-25 16:32:00,2025-06-26 13:32:00,12.28862,76.28752,"On 2025-06-25, Vidya Jadhav, a resident of 54, Extension, Hunsur, reported that the grill of the ventilator was cut and gold ornaments and cash were taken. The incident occurred within the limits of Hunsur Police Station in Mysuru district."
17,104300013202500001,202500001,2025-09-17,32,13,1,2,1,1,3,5,2025-09-14 05:51:00,2025-09-14 07:51:00,2025-09-17 05:51:00,17.1416,77.08959,"On 2025-09-14, Savitha Hegde, a resident of 13, Cross Road, Aland, reported that pillion rider snatched the mangalsutra while the complainant was walking on the footpath. The incident occurred within the limits of Chittapur Police Station in Kalaburagi district."
18,104430004202400001,202400001,2024-10-02,9,4,1,1,1,4,1,2,2024-10-02 17:54:00,2024-10-02 17:54:00,2024-10-02 17:54:00,13.05052,77.49882,"On 2024-10-02, Imran Achar, a resident of 134, Main Road, RT Nagar, reported that an armed group waylaid the complainant on a deserted stretch and robbed the collection amount. The incident occurred within the limits of Peenya Police Station in Bengaluru North district."
19,104500007202400001,202400001,2024-07-15,16,7,1,1,1,4,1,4,2024-07-15 08:47:00,2024-07-15 11:47:00,2024-07-15 08:47:00,12.32068,76.63959,"On 2024-07-15, Farhan Pujari, a resident of 154, Colony, Hunsur, reported that an armed group waylaid the complainant on a deserted stretch and robbed the collection amount. The incident occurred within the limits of Krishnaraja Police Station in Mysuru district."
20,104500007202500002,202500002,2025-10-16,16,7,1,1,1,4,2,3,2025-10-16 04:23:00,2025-10-16 06:23:00,2025-10-16 04:23:00,12.29394,76.64596,"On 2025-10-16, Farhan Rao, a resident of 173, Cross Road, Hunsur, reported that the suspects threatened the complainant with a knife and took cash and a mobile phone. The incident occurred within the limits of Krishnaraja Police Station in Mysuru district."
21,104430004202500002,202500002,2025-08-13,9,4,1,2,1,1,2,1,2025-08-13 22:00:00,2025-08-13 23:00:00,2025-08-13 22:00:00,13.04722,77.53163,"On 2025-08-13, Lokesh Swamy, a resident of 112, Cross Road, RT Nagar, reported that pillion rider snatched the mangalsutra while the complainant was walking on the footpath. The incident occurred within the limits of Peenya Police Station in Bengaluru North district."
22,104300013202500002,202500002,2025-07-28,31,13,1,2,1,3,3,6,2025-07-25 16:32:00,2025-07-25 19:32:00,2025-07-28 16:32:00,17.11153,77.08561,"On 2025-07-25, Anand Kulkarni, a resident of 84, Main Road, Kalaburagi City, reported that the two-wheeler was stolen from outside a commercial complex in broad daylight. The incident occurred within the limits of Chittapur Police Station in Kalaburagi district."
23,104430005202600002,202600002,2026-03-15,12,5,1,1,4,7,2,1,2026-03-14 05:45:00,2026-03-14 05:45:00,2026-03-15 05:45:00,13.02622,77.59697,"On 2026-03-14, Roopa Kumar, a resident of 63, Cross Road, Hebbal, reported that the accused was found in possession of contraband during a vehicle check at a checkpost. The incident occurred within the limits of RT Nagar Police Station in Bengaluru North district."
24,104500009202600001,202600001,2026-06-24,22,9,1,1,1,4,3,4,2026-06-22 09:36:00,2026-06-22 11:36:00,2026-06-24 09:36:00,12.2958,76.28974,"On 2026-06-22, Basavaraj Prasad, a resident of 130, Layout, Krishnaraja, reported that an armed group waylaid the complainant on a deserted stretch and robbed the collection amount. The incident occurred within the limits of Hunsur Police Station in Mysuru district."
25,104500009202600002,202600002,2026-03-27,23,9,1,2,1,2,3,4,2026-03-24 09:46:00,2026-03-24 09:46:00,2026-03-27 09:46:00,12.30962,76.3105,"On 2026-03-24, Ramesh Kumar, a resident of 93, Cross Road, Hunsur, reported that the lock of the main door was broken open while the house was locked and the family was away. The incident occurred within the limits of Hunsur Police Station in Mysuru district."
26,104300013202500003,202500003,2025-08-23,31,13,1,2,2,5,3,5,2025-08-20 17:59:00,2025-08-20 19:59:00,2025-08-23 17:59:00,17.11108,77.07847,"On 2025-08-20, Rakesh Gowda, a resident of 31, Extension, Kalaburagi City, reported that a quarrel over a parking dispute escalated and the complainant was assaulted. The incident occurred within the limits of Chittapur Police Station in Kalaburagi district."
27,104500009202500003,202500003,2025-12-27,23,9,1,2,3,6,1,3,2025-12-24 01:17:00,2025-12-24 03:17:00,2025-12-27 01:17:00,12.32366,76.27243,"On 2025-12-24, Santhosh Swamy, a resident of 173, Main Road, Hunsur, reported that payment was collected for goods advertised online which were never delivered. The incident occurred within the limits of Hunsur Police Station in Mysuru district."
28,104500007202500003,202500003,2025-10-06,16,7,1,2,1,1,2,3,2025-10-05 00:32:00,2025-10-05 02:32:00,2025-10-06 00:32:00,12.29847,76.63938,"On 2025-10-05, Manjunath Rao, a resident of 166, Cross Road, Nanjangud, reported that suspects on a motorcycle without a number plate snatched the chain near a bus stop. The incident occurred within the limits of Krishnaraja Police Station in Mysuru district."
29,104430005202500004,202500004,2025-02-07,12,5,1,2,2,5,3,1,2025-02-04 18:51:00,2025-02-04 21:51:00,2025-02-07 18:51:00,12.99989,77.61414,"On 2025-02-04, Kavitha Jadhav, a resident of 128, Extension, Hebbal, reported that the accused caused hurt with a wooden club following a prior enmity. The incident occurred within the limits of RT Nagar Police Station in Bengaluru North district."
30,104500009202500004,202500004,2025-10-20,23,9,1,2,2,5,1,4,2025-10-20 20:53:00,2025-10-20 22:53:00,2025-10-20 20:53:00,12.31776,76.28251,"On 2025-10-20, Shwetha Kulkarni, a resident of 170, Extension, Krishnaraja, reported that a quarrel over a parking dispute escalated and the complainant was assaulted. The incident occurred within the limits of Hunsur Police Station in Mysuru district."
31,104300012202400001,202400001,2024-12-13,28,12,1,2,1,2,3,5,2024-12-13 19:01:00,2024-12-13 19:01:00,2024-12-13 19:01:00,17.57819,76.57979,"On 2024-12-13, Ravi Kamath, a resident of 175, Extension, Aland, reported that the lock of the main door was broken open while the house was locked and the family was away. The incident occurred within the limits of Aland Police Station in Kalaburagi district."
32,104430004202500003,202500003,2025-02-05,10,4,1,1,1,4,1,1,2025-02-03 09:29:00,2025-02-03 11:29:00,2025-02-05 09:29:00,13.02525,77.5225,"On 2025-02-03, Pooja Gowda, a resident of 142, Cross Road, RT Nagar, reported that an armed group waylaid the complainant on a deserted stretch and robbed the collection amount. The incident occurred within the limits of Peenya Police Station in Bengaluru North district."
33,104430005202600003,202600003,2026-03-04,12,5,1,2,3,6,2,1,2026-03-03 10:26:00,2026-03-03 10:26:00,2026-03-04 10:26:00,13.01407,77.59229,"On 2026-03-03, Imran Shetty, a resident of 123, Extension, RT Nagar, reported that the complainant was induced to transfer money on the promise of a part-time job. The incident occurred within the limits of RT Nagar Police Station in Bengaluru North district."
34,104430005202500005,202500005,2025-02-24,13,5,1,2,2,5,1,1,2025-02-24 11:04:00,2025-02-24 12:04:00,2025-02-24 11:04:00,13.00811,77.60409,"On 2025-02-24, Chetan Rao, a resident of 23, Main Road, RT Nagar, reported that a quarrel over a parking dispute escalated and the complainant was assaulted. The incident occurred within the limits of RT Nagar Police Station in Bengaluru North district."
35,104300012202600001,202600001,2026-02-13,28,12,1,2,3,6,3,5,2026-02-12 05:20:00,2026-02-12 05:20:00,2026-02-13 05:20:00,17.58261,76.58458,"On 2026-02-12, Harish Achar, a resident of 150, Extension, Kalaburagi City, reported that the suspect posed as a bank official and obtained the OTP over a phone call. The incident occurred within the limits of Aland Police Station in Kalaburagi district."
36,104430002202500002,202500002,2025-07-31,3,2,1,2,1,2,2,1,2025-07-28 14:56:00,2025-07-28 14:56:00,2025-07-31 14:56:00,13.09755,77.58868,"On 2025-07-28, Shwetha Kulkarni, a resident of 163, Main Road, RT Nagar, reported that entry was gained through an unsecured rear window and the almirah was ransacked. The incident occurred within the limits of Yelahanka Police Station in Bengaluru North district."
37,104300012202500002,202500002,2025-08-22,29,12,1,2,1,1,2,6,2025-08-20 03:39:00,2025-08-20 03:39:00,2025-08-22 03:39:00,17.57095,76.58544,"On 2025-08-20, Savitha Jadhav, a resident of 75, Layout, Kalaburagi City, reported that pillion rider snatched the mangalsutra while the complainant was walking on the footpath. The incident occurred within the limits of Aland Police Station in Kalaburagi district."
38,104500007202500004,202500004,2025-09-10,16,7,1,2,2,5,2,4,2025-09-08 08:08:00,2025-09-08 10:08:00,2025-09-10 08:08:00,12.30182,76.67672,"On 2025-09-08, Ananya Patil, a resident of 117, Main Road, Nanjangud, reported that the accused caused hurt with a wooden club following a prior enmity. The incident occurred within the limits of Krishnaraja Police Station in Mysuru district."
39,104430003202400002,202400002,2024-09-16,5,3,1,1,4,7,3,2,2024-09-16 10:29:00,2024-09-16 10:29:00,2024-09-16 10:29:00,13.04561,77.61383,"On 2024-09-16, Imran Shetty, a resident of 123, Extension, RT Nagar, reported that the accused was found in possession of contraband during a vehicle check at a checkpost. The incident occurred within the limits of Hebbal Police Station in Bengaluru North district."
40,104300013202600003,202600003,2026-06-18,31,13,1,2,1,1,2,6,2026-06-15 23:49:00,2026-06-16 01:49:00,2026-06-18 23:49:00,17.13328,77.09997,"On 2026-06-15, Farhan Desai, a resident of 47, Cross Road, Chittapur, reported that suspects on a motorcycle without a number plate snatched the chain near a bus stop. The incident occurred within the limits of Chittapur Police Station in Kalaburagi district."
41,104430003202600001,202600001,2026-03-20,6,3,1,2,1,2,2,2,2026-03-18 07:06:00,2026-03-18 09:06:00,2026-03-20 07:06:00,13.02399,77.59755,"On 2026-03-18, Kavitha Reddy, a resident of 168, Layout, RT Nagar, reported that the lock of the main door was broken open while the house was locked and the family was away. The incident occurred within the limits of Hebbal Police Station in Bengaluru North district."
42,104500007202400002,202400002,2024-10-09,16,7,1,2,3,6,1,3,2024-10-06 17:35:00,2024-10-06 20:35:00,2024-10-09 17:35:00,12.29706,76.63485,"On 2024-10-06, Girish Patil, a resident of 2, Colony, Krishnaraja, reported that the complainant was induced to transfer money on the promise of a part-time job. The incident occurred within the limits of Krishnaraja Police Station in Mysuru district."
43,104430003202600002,202600002,2026-04-27,5,3,1,2,1,3,2,1,2026-04-27 21:02:00,2026-04-27 21:02:00,2026-04-27 21:02:00,13.01412,77.59497,"On 2026-04-27, Manjunath Kumar, a resident of 94, Extension, Peenya, reported that the motorcycle parked outside the residence was stolen during the night. The incident occurred within the limits of Hebbal Police Station in Bengaluru North district."
44,104430005202600004,202600004,2026-04-14,12,5,1,2,2,5,3,2,2026-04-14 00:10:00,2026-04-14 00:10:00,2026-04-14 00:10:00,13.0191,77.57495,"On 2026-04-14, Savitha Hegde, a resident of 43, Layout, Hebbal, reported that the accused caused hurt with a wooden club following a prior enmity. The incident occurred within the limits of RT Nagar Police Station in Bengaluru North district."
45,104430002202500003,202500003,2025-02-03,3,2,1,2,2,5,1,2,2025-02-03 20:27:00,2025-02-03 23:27:00,2025-02-03 20:27:00,13.11048,77.57384,"On 2025-02-03, Imran Kulkarni, a resident of 103, Extension, Yelahanka, reported that the accused caused hurt with a wooden club following a prior enmity. The incident occurred within the limits of Yelahanka Police Station in Bengaluru North district."
46,104500009202400001,202400001,2024-07-25,23,9,1,2,1,3,3,4,2024-07-23 14:30:00,2024-07-23 17:30:00,2024-07-25 14:30:00,12.3253,76.29914,"On 2024-07-23, Rakesh Bhat, a resident of 151, Main Road, Nanjangud, reported that the vehicle was taken from an unattended parking lot after the steering lock was broken. The incident occurred within the limits of Hunsur Police Station in Mysuru district."
47,104430005202500006,202500006,2025-05-24,13,5,1,2,1,1,2,1,2025-05-23 16:40:00,2025-05-23 16:40:00,2025-05-24 16:40:00,12.9992,77.57493,"On 2025-05-23, Ananya Achar, a resident of 121, Cross Road, Peenya, reported that pillion rider snatched the mangalsutra while the complainant was walking on the footpath. The incident occurred within the limits of RT Nagar Police Station in Bengaluru North district."
48,104430004202600001,202600001,2026-05-20,9,4,1,2,1,3,3,1,2026-05-17 18:25:00,2026-05-17 21:25:00,2026-05-20 18:25:00,13.03942,77.50734,"On 2026-05-17, Ananya Prasad, a resident of 115, Cross Road, Peenya, reported that the two-wheeler was stolen from outside a commercial complex in broad daylight. The incident occurred within the limits of Peenya Police Station in Bengaluru North district."
49,104430003202400003,202400003,2024-09-20,5,3,1,2,3,6,3,1,2024-09-18 02:14:00,2024-09-18 03:14:00,2024-09-20 02:14:00,13.04636,77.57755,"On 2024-09-18, Ramesh Bhat, a resident of 120, Layout, RT Nagar, reported that payment was collected for goods advertised online which were never delivered. The incident occurred within the limits of Hebbal Police Station in Bengaluru North district."
50,104430004202500004,202500004,2025-07-08,10,4,1,2,1,3,1,1,2025-07-07 08:55:00,2025-07-07 09:55:00,2025-07-08 08:55:00,13.04554,77.52851,"On 2025-07-07, Farhan Swamy, a resident of 112, Main Road, Hebbal, reported that the vehicle was taken from an unattended parking lot after the steering lock was broken. The incident occurred within the limits of Peenya Police Station in Bengaluru North district."
51,104430005202500007,202500007,2025-08-28,13,5,1,2,2,5,2,1,2025-08-26 14:39:00,2025-08-26 16:39:00,2025-08-28 14:39:00,13.00945,77.60299,"On 2025-08-26, Harish Kulkarni, a resident of 1, Main Road, Peenya, reported that a quarrel over a parking dispute escalated and the complainant was assaulted. The incident occurred within the limits of RT Nagar Police Station in Bengaluru North district."
52,104430004202500005,202500005,2025-03-06,9,4,1,2,2,5,3,1,2025-03-03 10:23:00,2025-03-03 10:23:00,2025-03-06 10:23:00,13.03171,77.53009,"On 2025-03-03, Manjunath Gowda, a resident of 141, Colony, Peenya, reported that a quarrel over a parking dispute escalated and the complainant was assaulted. The incident occurred within the limits of Peenya Police Station in Bengaluru North district."
53,104500009202600003,202600003,2026-01-30,22,9,1,2,1,2,1,3,2026-01-28 15:31:00,2026-01-28 18:31:00,2026-01-30 15:31:00,12.30001,76.30368,"On 2026-01-28, Roopa Kamath, a resident of 138, Main Road, Krishnaraja, reported that the lock of the main door was broken open while the house was locked and the family was away. The incident occurred within the limits of Hunsur Police Station in Mysuru district."
54,104430003202500001,202500001,2025-11-28,5,3,1,2,3,6,3,1,2025-11-28 16:20:00,2025-11-28 19:20:00,2025-11-28 16:20:00,13.01873,77.61092,"On 2025-11-28, Naveen Kamath, a resident of 106, Cross Road, Peenya, reported that the complainant was induced to transfer money on the promise of a part-time job. The incident occurred within the limits of Hebbal Police Station in Bengaluru North district."
55,104430005202400001,202400001,2024-11-19,13,5,1,1,4,7,2,2,2024-11-17 08:59:00,2024-11-17 11:59:00,2024-11-19 08:59:00,13.01569,77.60388,"On 2024-11-17, Savitha Hegde, a resident of 43, Layout, Hebbal, reported that the accused was found in possession of contraband during a vehicle check at a checkpost. The incident occurred within the limits of RT Nagar Police Station in Bengaluru North district."
56,104430005202500008,202500008,2025-05-06,13,5,1,2,2,5,2,2,2025-05-05 21:24:00,2025-05-05 23:24:00,2025-05-06 21:24:00,13.01231,77.61486,"On 2025-05-05, Naveen Bhat, a resident of 53, Extension, Peenya, reported that the accused caused hurt with a wooden club following a prior enmity. The incident occurred within the limits of RT Nagar Police Station in Bengaluru North district."
57,104300012202600002,202600002,2026-02-12,28,12,1,2,1,1,1,5,2026-02-12 02:20:00,2026-02-12 03:20:00,2026-02-12 02:20:00,17.5582,76.54686,"On 2026-02-12, Kiran Kumar, a resident of 108, Cross Road, Kalaburagi City, reported that suspects on a motorcycle without a number plate snatched the chain near a bus stop. The incident occurred within the limits of Aland Police Station in Kalaburagi district."
58,104430005202500009,202500009,2025-12-20,13,5,1,2,1,1,2,2,2025-12-20 03:45:00,2025-12-20 05:45:00,2025-12-20 03:45:00,13.02515,77.57275,"On 2025-12-20, Anand Desai, a resident of 84, Colony, Hebbal, reported that two-wheeler borne suspects snatched the gold chain and fled towards the ring road. The incident occurred within the limits of RT Nagar Police Station in Bengaluru North district."
59,104500008202500001,202500001,2025-07-07,20,8,1,2,3,6,1,3,2025-07-04 13:15:00,2025-07-04 15:15:00,2025-07-07 13:15:00,12.1345,76.6952,"On 2025-07-04, Deepa Shetty, a resident of 129, Cross Road, Krishnaraja, reported that payment was collected for goods advertised online which were never delivered. The incident occurred within the limits of Nanjangud Police Station in Mysuru district."
60,104430003202500002,202500002,2025-07-15,6,3,1,2,1,3,3,2,2025-07-12 14:51:00,2025-07-12 16:51:00,2025-07-15 14:51:00,13.04031,77.60487,"On 2025-07-12, Kiran Pujari, a resident of 178, Colony, Peenya, reported that the vehicle was taken from an unattended parking lot after the steering lock was broken. The incident occurred within the limits of Hebbal Police Station in Bengaluru North district."
61,104300013202600004,202600004,2026-05-25,31,13,1,2,2,5,1,5,2026-05-22 21:27:00,2026-05-22 23:27:00,2026-05-25 21:27:00,17.10278,77.06595,"On 2026-05-22, Prakash Desai, a resident of 62, Colony, Chittapur, reported that the accused caused hurt with a wooden club following a prior enmity. The incident occurred within the limits of Chittapur Police Station in Kalaburagi district."
62,104500009202500005,202500005,2025-10-13,23,9,1,2,3,6,1,3,2025-10-12 20:56:00,2025-10-12 22:56:00,2025-10-13 20:56:00,12.28801,76.29833,"On 2025-10-12, Vinay Prasad, a resident of 111, Main Road, Nanjangud, reported that payment was collected for goods advertised online which were never delivered. The incident occurred within the limits of Hunsur Police Station in Mysuru district."
63,104430003202600003,202600003,2026-04-23,5,3,1,2,1,1,2,2,2026-04-22 06:55:00,2026-04-22 07:55:00,2026-04-23 06:55:00,13.05074,77.58205,"On 2026-04-22, Suresh Gowda, a resident of 86, Main Road, Yelahanka, reported that two-wheeler borne suspects snatched the gold chain and fled towards the ring road. The incident occurred within the limits of Hebbal Police Station in Bengaluru North district."
64,104430005202600005,202600005,2026-06-15,12,5,1,2,1,3,2,1,2026-06-15 16:56:00,2026-06-15 17:56:00,2026-06-15 16:56:00,12.99962,77.60954,"On 2026-06-15, Harish Naik, a resident of 54, Layout, Peenya, reported that the two-wheeler was stolen from outside a commercial complex in broad daylight. The incident occurred within the limits of RT Nagar Police Station in Bengaluru North district."
65,104500007202500005,202500005,2025-12-07,16,7,1,2,3,6,3,4,2025-12-04 23:34:00,2025-12-04 23:34:00,2025-12-07 23:34:00,12.31155,76.63275,"On 2025-12-04, Farhan Rao, a resident of 173, Cross Road, Hunsur, reported that the complainant was induced to transfer money on the promise of a part-time job. The incident occurred within the limits of Krishnaraja Police Station in Mysuru district."
66,104430003202500003,202500003,2025-11-11,6,3,1,2,3,6,1,2,2025-11-10 03:09:00,2025-11-10 05:09:00,2025-11-11 03:09:00,13.03503,77.61257,"On 2025-11-10, Ramesh Bhat, a resident of 120, Layout, RT Nagar, reported that the complainant was induced to transfer money on the promise of a part-time job. The incident occurred within the limits of Hebbal Police Station in Bengaluru North district."
67,104300011202500001,202500001,2025-05-04,26,11,1,2,3,6,3,5,2025-05-02 07:26:00,2025-05-02 08:26:00,2025-05-04 07:26:00,17.34395,76.83973,"On 2025-05-02, Anand Kulkarni, a resident of 84, Main Road, Kalaburagi City, reported that the suspect posed as a bank official and obtained the OTP over a phone call. The incident occurred within the limits of Kalaburagi City Police Station in Kalaburagi district."
68,104300013202500004,202500004,2025-02-07,32,13,1,2,1,3,2,6,2025-02-06 08:29:00,2025-02-06 10:29:00,2025-02-07 08:29:00,17.14061,77.10034,"On 2025-02-06, Nandini Murthy, a resident of 110, Extension, Aland, reported that the motorcycle parked outside the residence was stolen during the night. The incident occurred within the limits of Chittapur Police Station in Kalaburagi district."
69,104500007202600001,202600001,2026-06-15,15,7,1,1,4,7,1,3,2026-06-13 23:03:00,2026-06-13 23:03:00,2026-06-15 23:03:00,12.30354,76.63535,"On 2026-06-13, Lakshmi Hegde, a resident of 75, Colony, Nanjangud, reported that the accused was found in possession of contraband during a vehicle check at a checkpost. The incident occurred within the limits of Krishnaraja Police Station in Mysuru district."
70,104500007202600002,202600002,2026-04-14,15,7,1,1,4,7,1,4,2026-04-11 18:15:00,2026-04-11 21:15:00,2026-04-14 18:15:00,12.30421,76.66659,"On 2026-04-11, Shwetha Kulkarni, a resident of 170, Extension, Krishnaraja, reported that the accused was found in possession of contraband during a vehicle check at a checkpost. The incident occurred within the limits of Krishnaraja Police Station in Mysuru district."
71,104500008202500002,202500002,2025-08-16,20,8,1,1,1,4,2,4,2025-08-14 22:04:00,2025-08-15 00:04:00,2025-08-16 22:04:00,12.1358,76.66447,"On 2025-08-14, Vinay Bhat, a resident of 140, Colony, Krishnaraja, reported that an armed group waylaid the complainant on a deserted stretch and robbed the collection amount. The incident occurred within the limits of Nanjangud Police Station in Mysuru district."
72,104300011202600001,202600001,2026-05-11,25,11,1,2,1,2,3,6,2026-05-09 08:33:00,2026-05-09 10:33:00,2026-05-11 08:33:00,17.34564,76.8539,"On 2026-05-09, Kiran Rao, a resident of 8, Main Road, Kalaburagi City, reported that entry was gained through an unsecured rear window and the almirah was ransacked. The incident occurred within the limits of Kalaburagi City Police Station in Kalaburagi district."
73,104500009202400002,202400002,2024-09-28,23,9,1,2,1,1,3,4,2024-09-27 20:44:00,2024-09-27 22:44:00,2024-09-28 20:44:00,12.28221,76.29668,"On 2024-09-27, Vinay Swamy, a resident of 56, Main Road, Nanjangud, reported that suspects on a motorcycle without a number plate snatched the chain near a bus stop. The incident occurred within the limits of Hunsur Police Station in Mysuru district."
74,104430005202500010,202500010,2025-07-21,13,5,1,2,1,1,3,1,2025-07-18 12:58:00,2025-07-18 14:58:00,2025-07-21 12:58:00,13.00285,77.58364,"On 2025-07-18, Yusuf Reddy, a resident of 73, Layout, Yelahanka, reported that suspects on a motorcycle without a number plate snatched the chain near a bus stop. The incident occurred within the limits of RT Nagar Police Station in Bengaluru North district."
75,104500009202500006,202500006,2025-10-20,23,9,1,1,4,7,2,4,2025-10-19 00:31:00,2025-10-19 01:31:00,2025-10-20 00:31:00,12.32352,76.27484,"On 2025-10-19, Chetan Hegde, a resident of 28, Main Road, Krishnaraja, reported that a tip-off led to the seizure of contraband from a rented room. The incident occurred within the limits of Hunsur Police Station in Mysuru district."
76,104430005202400002,202400002,2024-09-18,13,5,1,2,1,3,2,2,2024-09-16 19:05:00,2024-09-16 21:05:00,2024-09-18 19:05:00,13.00537,77.57585,"On 2024-09-16, Manjunath Kumar, a resident of 94, Extension, Peenya, reported that the motorcycle parked outside the residence was stolen during the night. The incident occurred within the limits of RT Nagar Police Station in Bengaluru North district."
77,104430002202400001,202400001,2024-07-11,3,2,1,2,3,6,2,1,2024-07-08 13:36:00,2024-07-08 14:36:00,2024-07-11 13:36:00,13.09224,77.60609,"On 2024-07-08, Rakesh Patil, a resident of 9, Main Road, RT Nagar, reported that the suspect posed as a bank official and obtained the OTP over a phone call. The incident occurred within the limits of Yelahanka Police Station in Bengaluru North district."
78,104430002202500004,202500004,2025-08-16,2,2,1,1,4,7,3,2,2025-08-13 19:08:00,2025-08-13 19:08:00,2025-08-16 19:08:00,13.09185,77.59578,"On 2025-08-13, Lokesh Murthy, a resident of 86, Cross Road, Peenya, reported that a tip-off led to the seizure of contraband from a rented room. The incident occurred within the limits of Yelahanka Police Station in Bengaluru North district."
79,104430003202400004,202400004,2024-11-05,5,3,1,2,1,3,1,2,2024-11-02 21:49:00,2024-11-02 21:49:00,2024-11-05 21:49:00,13.01503,77.57712,"On 2024-11-02, Chetan Jadhav, a resident of 83, Layout, Hebbal, reported that the motorcycle parked outside the residence was stolen during the night. The incident occurred within the limits of Hebbal Police Station in Bengaluru North district."
80,804300011202400001,202400001,2024-09-23,25,11,8,2,1,2,2,5,2024-09-21 12:48:00,2024-09-21 13:48:00,2024-09-23 12:48:00,17.3297,76.82635,"On 2024-09-21, Prakash Desai, a resident of 62, Colony, Chittapur, reported that entry was gained through an unsecured rear window and the almirah was ransacked. The incident occurred within the limits of Kalaburagi City Police Station in Kalaburagi district."
81,104430005202500011,202500011,2025-09-01,12,5,1,2,1,2,1,1,2025-09-01 06:03:00,2025-09-01 07:03:00,2025-09-01 06:03:00,13.03249,77.61378,"On 2025-09-01, Ananya Kulkarni, a resident of 161, Main Road, Hebbal, reported that the lock of the main door was broken open while the house was locked and the family was away. The incident occurred within the limits of RT Nagar Police Station in Bengaluru North district."
82,104500007202500006,202500006,2025-10-07,15,7,1,1,4,7,2,4,2025-10-04 20:12:00,2025-10-04 20:12:00,2025-10-07 20:12:00,12.30923,76.6525,"On 2025-10-04, Savitha Patil, a resident of 165, Main Road, Krishnaraja, reported that the accused was found in possession of contraband during a vehicle check at a checkpost. The incident occurred within the limits of Krishnaraja Police Station in Mysuru district."
83,104430005202500012,202500012,2025-12-11,13,5,1,2,1,1,2,2,2025-12-09 20:50:00,2025-12-09 20:50:00,2025-12-11 20:50:00,13.0421,77.57491,"On 2025-12-09, Shwetha Kulkarni, a resident of 163, Main Road, RT Nagar, reported that pillion rider snatched the mangalsutra while the complainant was walking on the footpath. The incident occurred within the limits of RT Nagar Police Station in Bengaluru North district."
84,104430002202600002,202600002,2026-01-27,2,2,1,2,1,1,3,1,2026-01-26 05:37:00,2026-01-26 07:37:00,2026-01-27 05:37:00,13.10888,77.5816,"On 2026-01-26, Ananya Kulkarni, a resident of 161, Main Road, Hebbal, reported that two-wheeler borne suspects snatched the gold chain and fled towards the ring road. The incident occurred within the limits of Yelahanka Police Station in Bengaluru North district."
85,804500009202400001,202400001,2024-11-04,22,9,8,2,3,6,2,4,2024-11-02 01:01:00,2024-11-02 01:01:00,2024-11-04 01:01:00,12.28892,76.29259,"On 2024-11-02, Girish Swamy, a resident of 26, Main Road, Hunsur, reported that the suspect posed as a bank official and obtained the OTP over a phone call. The incident occurred within the limits of Hunsur Police Station in Mysuru district."
86,104430002202500005,202500005,2025-11-24,2,2,1,2,3,6,2,1,2025-11-24 13:32:00,2025-11-24 14:32:00,2025-11-24 13:32:00,13.11469,77.5843,"On 2025-11-24, Prakash Bhat, a resident of 37, Colony, Hebbal, reported that payment was collected for goods advertised online which were never delivered. The incident occurred within the limits of Yelahanka Police Station in Bengaluru North district."
87,104300011202500002,202500002,2025-06-18,26,11,1,2,3,6,1,5,2025-06-16 14:12:00,2025-06-16 16:12:00,2025-06-18 14:12:00,17.30803,76.82011,"On 2025-06-16, Vinay Swamy, a resident of 2, Extension, Kalaburagi City, reported that the suspect posed as a bank official and obtained the OTP over a phone call. The incident occurred within the limits of Kalaburagi City Police Station in Kalaburagi district."
88,104430003202600004,202600004,2026-01-13,5,3,1,2,1,2,1,2,2026-01-13 19:50:00,2026-01-13 19:50:00,2026-01-13 19:50:00,13.05143,77.58664,"On 2026-01-13, Yusuf Swamy, a resident of 78, Cross Road, Hebbal, reported that entry was gained through an unsecured rear window and the almirah was ransacked. The incident occurred within the limits of Hebbal Police Station in Bengaluru North district."
89,104430002202500006,202500006,2025-09-24,3,2,1,1,4,7,1,2,2025-09-22 13:27:00,2025-09-22 16:27:00,2025-09-24 13:27:00,13.09105,77.59994,"On 2025-09-22, Kiran Naik, a resident of 115, Layout, Peenya, reported that the accused was found in possession of contraband during a vehicle check at a checkpost. The incident occurred within the limits of Yelahanka Police Station in Bengaluru North district."
90,104430002202600003,202600003,2026-06-08,2,2,1,2,1,3,2,2,2026-06-08 05:16:00,2026-06-08 08:16:00,2026-06-08 05:16:00,13.09405,77.60689,"On 2026-06-08, Nandini Achar, a resident of 26, Colony, Yelahanka, reported that the vehicle was taken from an unattended parking lot after the steering lock was broken. The incident occurred within the limits of Yelahanka Police Station in Bengaluru North district."
91,104430002202600004,202600004,2026-05-27,2,2,1,2,1,1,2,1,2026-05-24 05:51:00,2026-05-24 06:51:00,2026-05-27 05:51:00,13.08136,77.59631,"On 2026-05-24, Anand Swamy, a resident of 133, Colony, RT Nagar, reported that two-wheeler borne suspects snatched the gold chain and fled towards the ring road. The incident occurred within the limits of Yelahanka Police Station in Bengaluru North district."
92,104430004202500006,202500006,2025-01-27,9,4,1,2,1,3,3,1,2025-01-26 03:56:00,2025-01-26 04:56:00,2025-01-27 03:56:00,13.01632,77.51818,"On 2025-01-26, Naveen Gowda, a resident of 74, Extension, RT Nagar, reported that the vehicle was taken from an unattended parking lot after the steering lock was broken. The incident occurred within the limits of Peenya Police Station in Bengaluru North district."
93,804430002202500001,202500001,2025-12-07,2,2,8,1,4,7,2,1,2025-12-04 11:42:00,2025-12-04 11:42:00,2025-12-07 11:42:00,13.10054,77.57454,"On 2025-12-04, Prakash Murthy, a resident of 81, Extension, RT Nagar, reported that the accused was found in possession of contraband during a vehicle check at a checkpost. The incident occurred within the limits of Yelahanka Police Station in Bengaluru North district."
94,104430002202500007,202500007,2025-03-16,2,2,1,1,4,7,3,1,2025-03-13 16:41:00,2025-03-13 16:41:00,2025-03-16 16:41:00,13.1145,77.59676,"On 2025-03-13, Kiran Naik, a resident of 115, Layout, Peenya, reported that the accused was found in possession of contraband during a vehicle check at a checkpost. The incident occurred within the limits of Yelahanka Police Station in Bengaluru North district."
95,104500007202600003,202600003,2026-05-08,17,7,1,1,1,4,2,4,2026-05-06 13:21:00,2026-05-06 13:21:00,2026-05-08 13:21:00,12.32666,76.67462,"On 2026-05-06, Farhan Pujari, a resident of 154, Colony, Hunsur, reported that the suspects threatened the complainant with a knife and took cash and a mobile phone. The incident occurred within the limits of Krishnaraja Police Station in Mysuru district."
96,104500008202400001,202400001,2024-12-22,19,8,1,2,2,5,2,3,2024-12-21 10:45:00,2024-12-21 11:45:00,2024-12-22 10:45:00,12.10372,76.66202,"On 2024-12-21, Umesh Achar, a resident of 29, Main Road, Hunsur, reported that a quarrel over a parking dispute escalated and the complainant was assaulted. The incident occurred within the limits of Nanjangud Police Station in Mysuru district."
97,104500009202600004,202600004,2026-01-29,22,9,1,2,3,6,1,4,2026-01-27 16:17:00,2026-01-27 17:17:00,2026-01-29 16:17:00,12.32459,76.29672,"On 2026-01-27, Farhan Desai, a resident of 37, Layout, Krishnaraja, reported that the suspect posed as a bank official and obtained the OTP over a phone call. The incident occurred within the limits of Hunsur Police Station in Mysuru district."
98,104430005202600006,202600006,2026-02-17,12,5,1,1,1,4,1,2,2026-02-15 20:22:00,2026-02-15 22:22:00,2026-02-17 20:22:00,13.0277,77.57212,"On 2026-02-15, Nandini Desai, a resident of 71, Main Road, Peenya, reported that the suspects threatened the complainant with a knife and took cash and a mobile phone. The incident occurred within the limits of RT Nagar Police Station in Bengaluru North district."
99,104300012202600003,202600003,2026-05-26,29,12,1,2,3,6,1,5,2026-05-23 00:06:00,2026-05-23 01:06:00,2026-05-26 00:06:00,17.57318,76.57526,"On 2026-05-23, Savitha Hegde, a resident of 18, Layout, Aland, reported that the complainant was induced to transfer money on the promise of a part-time job. The incident occurred within the limits of Aland Police Station in Kalaburagi district."
100,104500007202500007,202500007,2025-10-12,17,7,1,1,4,7,1,4,2025-10-09 11:46:00,2025-10-09 13:46:00,2025-10-12 11:46:00,12.283,76.65672,"On 2025-10-09, Mahesh Achar, a resident of 43, Colony, Hunsur, reported that the accused was found in possession of contraband during a vehicle check at a checkpost. The incident occurred within the limits of Krishnaraja Police Station in Mysuru district."
101,104500009202600005,202600005,2026-05-27,23,9,1,2,2,5,3,3,2026-05-25 15:16:00,2026-05-25 15:16:00,2026-05-27 15:16:00,12.28233,76.27567,"On 2026-05-25, Vinay Swamy, a resident of 56, Main Road, Nanjangud, reported that a quarrel over a parking dispute escalated and the complainant was assaulted. The incident occurred within the limits of Hunsur Police Station in Mysuru district."
102,104500009202500007,202500007,2025-12-06,23,9,1,2,1,3,1,4,2025-12-06 09:38:00,2025-12-06 09:38:00,2025-12-06 09:38:00,12.29785,76.27323,"On 2025-12-06, Prakash Bhat, a resident of 159, Extension, Nanjangud, reported that the vehicle was taken from an unattended parking lot after the steering lock was broken. The incident occurred within the limits of Hunsur Police Station in Mysuru district."
103,104430005202600007,202600007,2026-02-03,13,5,1,1,1,4,3,2,2026-02-01 02:51:00,2026-02-01 02:51:00,2026-02-03 02:51:00,13.00991,77.59333,"On 2026-02-01, Farhan Desai, a resident of 93, Main Road, Hebbal, reported that the suspects threatened the complainant with a knife and took cash and a mobile phone. The incident occurred within the limits of RT Nagar Police Station in Bengaluru North district."
104,104430004202500007,202500007,2025-05-18,9,4,1,2,1,1,2,2,2025-05-18 20:08:00,2025-05-18 20:08:00,2025-05-18 20:08:00,13.01425,77.50311,"On 2025-05-18, Girish Swamy, a resident of 119, Main Road, Yelahanka, reported that two-wheeler borne suspects snatched the gold chain and fled towards the ring road. The incident occurred within the limits of Peenya Police Station in Bengaluru North district."
105,104500007202500008,202500008,2025-04-18,17,7,1,2,3,6,2,4,2025-04-16 22:24:00,2025-04-17 00:24:00,2025-04-18 22:24:00,12.28307,76.67556,"On 2025-04-16, Deepa Prasad, a resident of 85, Colony, Nanjangud, reported that the complainant was induced to transfer money on the promise of a part-time job. The incident occurred within the limits of Krishnaraja Police Station in Mysuru district."
106,104430002202600005,202600005,2026-02-24,3,2,1,2,1,1,2,1,2026-02-21 13:41:00,2026-02-21 13:41:00,2026-02-24 13:41:00,13.11272,77.61453,"On 2026-02-21, Imran Kulkarni, a resident of 6, Main Road, RT Nagar, reported that pillion rider snatched the mangalsutra while the complainant was walking on the footpath. The incident occurred within the limits of Yelahanka Police Station in Bengaluru North district."
107,104500007202600004,202600004,2026-02-11,16,7,1,2,1,1,2,4,2026-02-09 08:01:00,2026-02-09 09:01:00,2026-02-11 08:01:00,12.31267,76.67312,"On 2026-02-09, Basavaraj Rao, a resident of 175, Extension, Hunsur, reported that suspects on a motorcycle without a number plate snatched the chain near a bus stop. The incident occurred within the limits of Krishnaraja Police Station in Mysuru district."
108,104500009202600006,202600006,2026-01-05,22,9,1,1,1,4,1,4,2026-01-02 08:22:00,2026-01-02 08:22:00,2026-01-05 08:22:00,12.306,76.30227,"On 2026-01-02, Girish Achar, a resident of 6, Extension, Krishnaraja, reported that an armed group waylaid the complainant on a deserted stretch and robbed the collection amount. The incident occurred within the limits of Hunsur Police Station in Mysuru district."
109,104500008202500003,202500003,2025-09-23,19,8,1,2,1,2,2,3,2025-09-21 05:28:00,2025-09-21 08:28:00,2025-09-23 05:28:00,12.11446,76.67164,"On 2025-09-21, Girish Patil, a resident of 2, Colony, Krishnaraja, reported that the grill of the ventilator was cut and gold ornaments and cash were taken. The incident occurred within the limits of Nanjangud Police Station in Mysuru district."
110,104300013202600005,202600005,2026-03-06,31,13,1,2,1,2,3,5,2026-03-05 13:52:00,2026-03-05 13:52:00,2026-03-06 13:52:00,17.1016,77.06169,"On 2026-03-05, Harish Bhat, a resident of 140, Layout, Aland, reported that the lock of the main door was broken open while the house was locked and the family was away. The incident occurred within the limits of Chittapur Police Station in Kalaburagi district."
111,104430005202600008,202600008,2026-06-04,12,5,1,2,2,5,3,2,2026-06-02 11:36:00,2026-06-02 12:36:00,2026-06-04 11:36:00,13.01917,77.6136,"On 2026-06-02, Kavitha Jadhav, a resident of 128, Extension, Hebbal, reported that the accused caused hurt with a wooden club following a prior enmity. The incident occurred within the limits of RT Nagar Police Station in Bengaluru North district."
112,104300011202600002,202600002,2026-03-09,26,11,1,2,1,2,2,6,2026-03-08 10:58:00,2026-03-08 12:58:00,2026-03-09 10:58:00,17.32196,76.81207,"On 2026-03-08, Prakash Patil, a resident of 61, Layout, Aland, reported that entry was gained through an unsecured rear window and the almirah was ransacked. The incident occurred within the limits of Kalaburagi City Police Station in Kalaburagi district."
113,104300012202500003,202500003,2025-12-02,29,12,1,2,3,6,1,5,2025-12-01 04:58:00,2025-12-01 04:58:00,2025-12-02 04:58:00,17.55775,76.58345,"On 2025-12-01, Pooja Naik, a resident of 58, Extension, Kalaburagi City, reported that the suspect posed as a bank official and obtained the OTP over a phone call. The incident occurred within the limits of Aland Police Station in Kalaburagi district."
114,104430005202600009,202600009,2026-01-05,13,5,1,1,4,7,1,1,2026-01-02 15:22:00,2026-01-02 15:22:00,2026-01-05 15:22:00,13.00806,77.57853,"On 2026-01-02, Suresh Gowda, a resident of 86, Main Road, Yelahanka, reported that the accused was found in possession of contraband during a vehicle check at a checkpost. The incident occurred within the limits of RT Nagar Police Station in Bengaluru North district."
115,104500007202400003,202400003,2024-09-05,17,7,1,2,2,5,1,3,2024-09-03 18:25:00,2024-09-03 21:25:00,2024-09-05 18:25:00,12.31505,76.63975,"On 2024-09-03, Basavaraj Rao, a resident of 175, Extension, Hunsur, reported that the accused caused hurt with a wooden club following a prior enmity. The incident occurred within the limits of Krishnaraja Police Station in Mysuru district."
116,104430003202500004,202500004,2025-03-07,6,3,1,1,4,7,2,2,2025-03-05 18:03:00,2025-03-05 21:03:00,2025-03-07 18:03:00,13.02777,77.57567,"On 2025-03-05, Ananya Prasad, a resident of 115, Cross Road, Peenya, reported that the accused was found in possession of contraband during a vehicle check at a checkpost. The incident occurred within the limits of Hebbal Police Station in Bengaluru North district."
117,104430005202400003,202400003,2024-10-01,12,5,1,2,1,3,1,2,2024-10-01 20:33:00,2024-10-01 23:33:00,2024-10-01 20:33:00,13.03365,77.60772,"On 2024-10-01, Prakash Kulkarni, a resident of 84, Main Road, Hebbal, reported that the motorcycle parked outside the residence was stolen during the night. The incident occurred within the limits of RT Nagar Police Station in Bengaluru North district."
118,804300012202500001,202500001,2025-10-17,29,12,8,1,1,4,1,6,2025-10-15 11:00:00,2025-10-15 11:00:00,2025-10-17 11:00:00,17.54676,76.57979,"On 2025-10-15, Yusuf Hegde, a resident of 101, Layout, Chittapur, reported that an armed group waylaid the complainant on a deserted stretch and robbed the collection amount. The incident occurred within the limits of Aland Police Station in Kalaburagi district."
119,104430005202500013,202500013,2025-10-14,12,5,1,2,3,6,1,2,2025-10-14 14:12:00,2025-10-14 17:12:00,2025-10-14 14:12:00,13.01389,77.58704,"On 2025-10-14, Nandini Achar, a resident of 26, Colony, Yelahanka, reported that payment was collected for goods advertised online which were never delivered. The incident occurred within the limits of RT Nagar Police Station in Bengaluru North district."
120,104430005202600010,202600010,2026-04-28,13,5,1,2,3,6,1,1,2026-04-28 10:35:00,2026-04-28 10:35:00,2026-04-28 10:35:00,13.00106,77.57429,"On 2026-04-28, Naveen Gowda, a resident of 74, Extension, RT Nagar, reported that payment was collected for goods advertised online which were never delivered. The incident occurred within the limits of RT Nagar Police Station in Bengaluru North district."
121,104500009202600007,202600007,2026-01-04,23,9,1,2,2,5,2,3,2026-01-01 10:29:00,2026-01-01 13:29:00,2026-01-04 10:29:00,12.29736,76.28086,"On 2026-01-01, Bhavya Kumar, a resident of 79, Layout, Krishnaraja, reported that a quarrel over a parking dispute escalated and the complainant was assaulted. The incident occurred within the limits of Hunsur Police Station in Mysuru district."
122,104500009202400003,202400003,2024-09-02,22,9,1,2,1,1,2,3,2024-09-02 10:58:00,2024-09-02 10:58:00,2024-09-02 10:58:00,12.30649,76.28232,"On 2024-09-02, Kiran Naik, a resident of 133, Main Road, Hunsur, reported that suspects on a motorcycle without a number plate snatched the chain near a bus stop. The incident occurred within the limits of Hunsur Police Station in Mysuru district."
123,104430003202500005,202500005,2025-05-06,6,3,1,2,2,5,1,2,2025-05-03 04:35:00,2025-05-03 06:35:00,2025-05-06 04:35:00,13.05767,77.60907,"On 2025-05-03, Bhavya Desai, a resident of 9, Main Road, Peenya, reported that the accused caused hurt with a wooden club following a prior enmity. The incident occurred within the limits of Hebbal Police Station in Bengaluru North district."
124,104300013202500005,202500005,2025-08-25,31,13,1,2,1,3,1,5,2025-08-25 22:01:00,2025-08-25 22:01:00,2025-08-25 22:01:00,17.11698,77.08693,"On 2025-08-25, Kiran Rao, a resident of 8, Main Road, Kalaburagi City, reported that the motorcycle parked outside the residence was stolen during the night. The incident occurred within the limits of Chittapur Police Station in Kalaburagi district."
125,104430004202400002,202400002,2024-11-20,9,4,1,2,1,2,2,2,2024-11-18 14:28:00,2024-11-18 16:28:00,2024-11-20 14:28:00,13.03327,77.5005,"On 2024-11-18, Deepa Pujari, a resident of 88, Colony, RT Nagar, reported that the grill of the ventilator was cut and gold ornaments and cash were taken. The incident occurred within the limits of Peenya Police Station in Bengaluru North district."
126,104300011202500003,202500003,2025-03-19,25,11,1,2,3,6,1,5,2025-03-19 02:29:00,2025-03-19 04:29:00,2025-03-19 02:29:00,17.33766,76.83184,"On 2025-03-19, Harish Bhat, a resident of 140, Layout, Aland, reported that the complainant was induced to transfer money on the promise of a part-time job. The incident occurred within the limits of Kalaburagi City Police Station in Kalaburagi district."
127,104430003202600005,202600005,2026-02-14,6,3,1,1,4,7,2,2,2026-02-13 11:23:00,2026-02-13 12:23:00,2026-02-14 11:23:00,13.04045,77.58344,"On 2026-02-13, Mahesh Desai, a resident of 55, Main Road, Yelahanka, reported that the accused was found in possession of contraband during a vehicle check at a checkpost. The incident occurred within the limits of Hebbal Police Station in Bengaluru North district."
128,104300011202600003,202600003,2026-03-16,26,11,1,2,2,5,1,6,2026-03-15 16:42:00,2026-03-15 18:42:00,2026-03-16 16:42:00,17.33783,76.83029,"On 2026-03-15, Vinay Swamy, a resident of 2, Extension, Kalaburagi City, reported that the accused caused hurt with a wooden club following a prior enmity. The incident occurred within the limits of Kalaburagi City Police Station in Kalaburagi district."
129,104500008202400002,202400002,2024-11-20,20,8,1,2,1,1,2,4,2024-11-17 10:24:00,2024-11-17 10:24:00,2024-11-20 10:24:00,12.10013,76.6964,"On 2024-11-17, Vinay Prasad, a resident of 111, Main Road, Nanjangud, reported that two-wheeler borne suspects snatched the gold chain and fled towards the ring road. The incident occurred within the limits of Nanjangud Police Station in Mysuru district."
130,104300011202500004,202500004,2025-01-29,25,11,1,2,1,1,1,5,2025-01-27 10:58:00,2025-01-27 10:58:00,2025-01-29 10:58:00,17.34982,76.84117,"On 2025-01-27, Ananya Desai, a resident of 55, Colony, Chittapur, reported that pillion rider snatched the mangalsutra while the complainant was walking on the footpath. The incident occurred within the limits of Kalaburagi City Police Station in Kalaburagi district."
131,104500009202500008,202500008,2025-11-06,23,9,1,2,1,2,3,3,2025-11-03 09:09:00,2025-11-03 11:09:00,2025-11-06 09:09:00,12.32524,76.27275,"On 2025-11-03, Chetan Murthy, a resident of 40, Layout, Krishnaraja, reported that entry was gained through an unsecured rear window and the almirah was ransacked. The incident occurred within the limits of Hunsur Police Station in Mysuru district."
132,104430003202500006,202500006,2025-01-16,5,3,1,2,2,5,2,1,2025-01-16 20:53:00,2025-01-16 21:53:00,2025-01-16 20:53:00,13.02847,77.61306,"On 2025-01-16, Roopa Swamy, a resident of 14, Extension, RT Nagar, reported that a quarrel over a parking dispute escalated and the complainant was assaulted. The incident occurred within the limits of Hebbal Police Station in Bengaluru North district."
133,104430002202500008,202500008,2025-05-14,3,2,1,1,1,4,1,2,2025-05-13 09:01:00,2025-05-13 12:01:00,2025-05-14 09:01:00,13.08733,77.59891,"On 2025-05-13, Ananya Kulkarni, a resident of 161, Main Road, Hebbal, reported that the suspects threatened the complainant with a knife and took cash and a mobile phone. The incident occurred within the limits of Yelahanka Police Station in Bengaluru North district."
134,104300013202500006,202500006,2025-12-20,32,13,1,2,3,6,2,5,2025-12-18 16:15:00,2025-12-18 18:15:00,2025-12-20 16:15:00,17.11879,77.07173,"On 2025-12-18, Farhan Rao, a resident of 68, Main Road, Aland, reported that payment was collected for goods advertised online which were never delivered. The incident occurred within the limits of Chittapur Police Station in Kalaburagi district."
135,104430002202600006,202600006,2026-01-09,3,2,1,2,3,6,1,1,2026-01-06 00:47:00,2026-01-06 03:47:00,2026-01-09 00:47:00,13.09323,77.57436,"On 2026-01-06, Imran Rao, a resident of 99, Main Road, Hebbal, reported that the suspect posed as a bank official and obtained the OTP over a phone call. The incident occurred within the limits of Yelahanka Police Station in Bengaluru North district."
136,104430004202600002,202600002,2026-01-17,10,4,1,2,3,6,3,2,2026-01-15 05:15:00,2026-01-15 07:15:00,2026-01-17 05:15:00,13.00692,77.5095,"On 2026-01-15, Savitha Hegde, a resident of 43, Layout, Hebbal, reported that the suspect posed as a bank official and obtained the OTP over a phone call. The incident occurred within the limits of Peenya Police Station in Bengaluru North district."
137,104430004202600003,202600003,2026-03-04,10,4,1,2,2,5,2,1,2026-03-04 03:50:00,2026-03-04 05:50:00,2026-03-04 03:50:00,13.03593,77.50152,"On 2026-03-04, Pooja Desai, a resident of 69, Main Road, RT Nagar, reported that the accused caused hurt with a wooden club following a prior enmity. The incident occurred within the limits of Peenya Police Station in Bengaluru North district."
138,104300011202600004,202600004,2026-04-08,26,11,1,2,1,1,1,5,2026-04-07 02:22:00,2026-04-07 03:22:00,2026-04-08 02:22:00,17.348,76.84221,"On 2026-04-07, Harish Bhat, a resident of 140, Layout, Aland, reported that pillion rider snatched the mangalsutra while the complainant was walking on the footpath. The incident occurred within the limits of Kalaburagi City Police Station in Kalaburagi district."
139,104430003202500007,202500007,2025-07-09,6,3,1,2,1,1,1,1,2025-07-07 09:44:00,2025-07-07 09:44:00,2025-07-09 09:44:00,13.03402,77.58154,"On 2025-07-07, Mahesh Shetty, a resident of 118, Extension, Peenya, reported that two-wheeler borne suspects snatched the gold chain and fled towards the ring road. The incident occurred within the limits of Hebbal Police Station in Bengaluru North district."
140,104430002202400002,202400002,2024-08-04,3,2,1,2,3,6,2,1,2024-08-01 06:56:00,2024-08-01 06:56:00,2024-08-04 06:56:00,13.08539,77.60213,"On 2024-08-01, Prakash Swamy, a resident of 118, Layout, RT Nagar, reported that the complainant was induced to transfer money on the promise of a part-time job. The incident occurred within the limits of Yelahanka Police Station in Bengaluru North district."
141,104300013202500007,202500007,2025-07-22,31,13,1,2,1,2,2,5,2025-07-19 04:56:00,2025-07-19 05:56:00,2025-07-22 04:56:00,17.13462,77.06324,"On 2025-07-19, Basavaraj Patil, a resident of 169, Layout, Kalaburagi City, reported that the lock of the main door was broken open while the house was locked and the family was away. The incident occurred within the limits of Chittapur Police Station in Kalaburagi district."
142,104430003202400005,202400005,2024-08-12,6,3,1,2,3,6,2,2,2024-08-10 12:12:00,2024-08-10 13:12:00,2024-08-12 12:12:00,13.05186,77.59118,"On 2024-08-10, Shwetha Gowda, a resident of 161, Cross Road, Hebbal, reported that the complainant was induced to transfer money on the promise of a part-time job. The incident occurred within the limits of Hebbal Police Station in Bengaluru North district."
143,104300013202500008,202500008,2025-01-15,32,13,1,2,1,2,1,5,2025-01-12 20:48:00,2025-01-12 21:48:00,2025-01-15 20:48:00,17.11181,77.101,"On 2025-01-12, Ravi Kamath, a resident of 175, Extension, Aland, reported that the lock of the main door was broken open while the house was locked and the family was away. The incident occurred within the limits of Chittapur Police Station in Kalaburagi district."
144,104500007202600005,202600005,2026-05-05,16,7,1,2,3,6,3,3,2026-05-05 05:21:00,2026-05-05 08:21:00,2026-05-05 05:21:00,12.30644,76.67188,"On 2026-05-05, Girish Desai, a resident of 75, Colony, Hunsur, reported that the complainant was induced to transfer money on the promise of a part-time job. The incident occurred within the limits of Krishnaraja Police Station in Mysuru district."
145,104300012202500004,202500004,2025-12-09,28,12,1,2,2,5,3,6,2025-12-06 02:31:00,2025-12-06 04:31:00,2025-12-09 02:31:00,17.55239,76.57441,"On 2025-12-06, Prakash Swamy, a resident of 177, Extension, Kalaburagi City, reported that a quarrel over a parking dispute escalated and the complainant was assaulted. The incident occurred within the limits of Aland Police Station in Kalaburagi district."
146,104500008202400003,202400003,2024-07-05,20,8,1,2,1,3,1,3,2024-07-04 16:42:00,2024-07-04 17:42:00,2024-07-05 16:42:00,12.13362,76.68078,"On 2024-07-04, Kavitha Gowda, a resident of 157, Cross Road, Krishnaraja, reported that the vehicle was taken from an unattended parking lot after the steering lock was broken. The incident occurred within the limits of Nanjangud Police Station in Mysuru district."
147,104300011202500005,202500005,2025-03-30,26,11,1,2,3,6,3,6,2025-03-27 07:48:00,2025-03-27 08:48:00,2025-03-30 07:48:00,17.33465,76.82,"On 2025-03-27, Pooja Swamy, a resident of 118, Cross Road, Chittapur, reported that payment was collected for goods advertised online which were never delivered. The incident occurred within the limits of Kalaburagi City Police Station in Kalaburagi district."
148,804500007202500001,202500001,2025-03-02,17,7,8,1,4,7,1,4,2025-03-01 17:30:00,2025-03-01 20:30:00,2025-03-02 17:30:00,12.28413,76.65136,"On 2025-03-01, Kiran Shetty, a resident of 4, Extension, Krishnaraja, reported that the accused was found in possession of contraband during a vehicle check at a checkpost. The incident occurred within the limits of Krishnaraja Police Station in Mysuru district."
149,104430002202600007,202600007,2026-01-10,2,2,1,2,1,1,2,1,2026-01-08 06:27:00,2026-01-08 09:27:00,2026-01-10 06:27:00,13.0999,77.60811,"On 2026-01-08, Deepa Pujari, a resident of 88, Colony, RT Nagar, reported that pillion rider snatched the mangalsutra while the complainant was walking on the footpath. The incident occurred within the limits of Yelahanka Police Station in Bengaluru North district."
150,104430003202500008,202500008,2025-05-24,6,3,1,2,1,3,1,1,2025-05-22 23:27:00,2025-05-22 23:27:00,2025-05-24 23:27:00,13.02289,77.61652,"On 2025-05-22, Nagaraj Desai, a resident of 98, Colony, Peenya, reported that the motorcycle parked outside the residence was stolen during the night. The incident occurred within the limits of Hebbal Police Station in Bengaluru North district."
151,104430005202400004,202400004,2024-10-13,13,5,1,2,3,6,2,1,2024-10-13 07:46:00,2024-10-13 08:46:00,2024-10-13 07:46:00,13.01243,77.57572,"On 2024-10-13, Nandini Desai, a resident of 71, Main Road, Peenya, reported that the suspect posed as a bank official and obtained the OTP over a phone call. The incident occurred within the limits of RT Nagar Police Station in Bengaluru North district."
152,104300013202500009,202500009,2025-04-22,31,13,1,1,1,4,2,5,2025-04-19 02:36:00,2025-04-19 02:36:00,2025-04-22 02:36:00,17.1208,77.1046,"On 2025-04-19, Kavitha Pujari, a resident of 78, Cross Road, Kalaburagi City, reported that an armed group waylaid the complainant on a deserted stretch and robbed the collection amount. The incident occurred within the limits of Chittapur Police Station in Kalaburagi district."
153,104500007202500009,202500009,2025-03-01,16,7,1,2,1,1,2,3,2025-02-27 11:49:00,2025-02-27 11:49:00,2025-03-01 11:49:00,12.28641,76.67666,"On 2025-02-27, Rakesh Swamy, a resident of 145, Main Road, Krishnaraja, reported that suspects on a motorcycle without a number plate snatched the chain near a bus stop. The incident occurred within the limits of Krishnaraja Police Station in Mysuru district."
154,104300013202600006,202600006,2026-02-03,32,13,1,1,1,4,3,6,2026-02-03 09:00:00,2026-02-03 11:00:00,2026-02-03 09:00:00,17.13714,77.09919,"On 2026-02-03, Basavaraj Jadhav, a resident of 11, Main Road, Aland, reported that the suspects threatened the complainant with a knife and took cash and a mobile phone. The incident occurred within the limits of Chittapur Police Station in Kalaburagi district."
155,104430002202500009,202500009,2025-11-29,3,2,1,1,1,4,2,2,2025-11-27 05:01:00,2025-11-27 08:01:00,2025-11-29 05:01:00,13.08187,77.60171,"On 2025-11-27, Suresh Gowda, a resident of 86, Main Road, Yelahanka, reported that an armed group waylaid the complainant on a deserted stretch and robbed the collection amount. The incident occurred within the limits of Yelahanka Police Station in Bengaluru North district."
156,104300011202400001,202400001,2024-09-07,25,11,1,1,1,4,1,6,2024-09-05 06:18:00,2024-09-05 09:18:00,2024-09-07 06:18:00,17.30934,76.82672,"On 2024-09-05, Kavitha Swamy, a resident of 127, Colony, Aland, reported that the suspects threatened the complainant with a knife and took cash and a mobile phone. The incident occurred within the limits of Kalaburagi City Police Station in Kalaburagi district."
157,104500008202500004,202500004,2025-12-19,20,8,1,2,2,5,2,3,2025-12-18 15:48:00,2025-12-18 18:48:00,2025-12-19 15:48:00,12.13892,76.6642,"On 2025-12-18, Girish Achar, a resident of 6, Extension, Krishnaraja, reported that the accused caused hurt with a wooden club following a prior enmity. The incident occurred within the limits of Nanjangud Police Station in Mysuru district."
158,104300013202500010,202500010,2025-02-21,32,13,1,2,1,2,3,5,2025-02-21 07:43:00,2025-02-21 07:43:00,2025-02-21 07:43:00,17.13482,77.06426,"On 2025-02-21, Nandini Murthy, a resident of 110, Extension, Aland, reported that the lock of the main door was broken open while the house was locked and the family was away. The incident occurred within the limits of Chittapur Police Station in Kalaburagi district."
159,104430005202400005,202400005,2024-09-02,12,5,1,1,1,4,1,2,2024-09-01 13:27:00,2024-09-01 13:27:00,2024-09-02 13:27:00,13.01135,77.59571,"On 2024-09-01, Roopa Kumar, a resident of 63, Cross Road, Hebbal, reported that the suspects threatened the complainant with a knife and took cash and a mobile phone. The incident occurred within the limits of RT Nagar Police Station in Bengaluru North district."
160,104430003202600006,202600006,2026-06-05,6,3,1,2,1,1,2,1,2026-06-05 16:25:00,2026-06-05 18:25:00,2026-06-05 16:25:00,13.0364,77.58687,"On 2026-06-05, Ananya Achar, a resident of 121, Cross Road, Peenya, reported that suspects on a motorcycle without a number plate snatched the chain near a bus stop. The incident occurred within the limits of Hebbal Police Station in Bengaluru North district."
161,104300011202400002,202400002,2024-12-08,26,11,1,2,3,6,3,6,2024-12-05 07:09:00,2024-12-05 07:09:00,2024-12-08 07:09:00,17.31637,76.84088,"On 2024-12-05, Ravi Murthy, a resident of 127, Main Road, Chittapur, reported that the complainant was induced to transfer money on the promise of a part-time job. The incident occurred within the limits of Kalaburagi City Police Station in Kalaburagi district."
162,104430003202500009,202500009,2025-10-08,5,3,1,2,2,5,2,2,2025-10-08 03:01:00,2025-10-08 06:01:00,2025-10-08 03:01:00,13.03282,77.61497,"On 2025-10-08, Farhan Swamy, a resident of 112, Main Road, Hebbal, reported that a quarrel over a parking dispute escalated and the complainant was assaulted. The incident occurred within the limits of Hebbal Police Station in Bengaluru North district."
163,104430003202500010,202500010,2025-08-16,5,3,1,2,1,3,1,1,2025-08-16 05:31:00,2025-08-16 08:31:00,2025-08-16 05:31:00,13.02776,77.58594,"On 2025-08-16, Lokesh Shetty, a resident of 8, Layout, Yelahanka, reported that the vehicle was taken from an unattended parking lot after the steering lock was broken. The incident occurred within the limits of Hebbal Police Station in Bengaluru North district."
164,104500009202500009,202500009,2025-07-13,23,9,1,2,1,3,1,4,2025-07-13 07:09:00,2025-07-13 09:09:00,2025-07-13 07:09:00,12.32247,76.30264,"On 2025-07-13, Girish Swamy, a resident of 26, Main Road, Hunsur, reported that the vehicle was taken from an unattended parking lot after the steering lock was broken. The incident occurred within the limits of Hunsur Police Station in Mysuru district."
165,104300013202400001,202400001,2024-10-03,31,13,1,2,2,5,3,5,2024-10-01 01:14:00,2024-10-01 03:14:00,2024-10-03 01:14:00,17.11973,77.07069,"On 2024-10-01, Pooja Kulkarni, a resident of 102, Cross Road, Aland, reported that a quarrel over a parking dispute escalated and the complainant was assaulted. The incident occurred within the limits of Chittapur Police Station in Kalaburagi district."
166,104500008202500005,202500005,2025-06-29,20,8,1,1,4,7,2,3,2025-06-28 02:41:00,2025-06-28 03:41:00,2025-06-29 02:41:00,12.12568,76.6952,"On 2025-06-28, Nandini Hegde, a resident of 153, Extension, Nanjangud, reported that a tip-off led to the seizure of contraband from a rented room. The incident occurred within the limits of Nanjangud Police Station in Mysuru district."
167,104430004202500008,202500008,2025-08-26,9,4,1,2,2,5,3,2,2025-08-25 02:35:00,2025-08-25 04:35:00,2025-08-26 02:35:00,13.01474,77.53824,"On 2025-08-25, Anand Prasad, a resident of 2, Layout, RT Nagar, reported that the accused caused hurt with a wooden club following a prior enmity. The incident occurred within the limits of Peenya Police Station in Bengaluru North district."
168,104300012202500005,202500005,2025-12-17,29,12,1,2,1,1,2,6,2025-12-15 21:01:00,2025-12-15 21:01:00,2025-12-17 21:01:00,17.54886,76.55417,"On 2025-12-15, Pooja Desai, a resident of 109, Layout, Kalaburagi City, reported that pillion rider snatched the mangalsutra while the complainant was walking on the footpath. The incident occurred within the limits of Aland Police Station in Kalaburagi district."
169,104430005202400006,202400006,2024-11-03,13,5,1,2,3,6,1,1,2024-11-03 22:08:00,2024-11-04 01:08:00,2024-11-03 22:08:00,13.03575,77.61371,"On 2024-11-03, Kiran Pujari, a resident of 178, Colony, Peenya, reported that the complainant was induced to transfer money on the promise of a part-time job. The incident occurred within the limits of RT Nagar Police Station in Bengaluru North district."
170,804430003202400001,202400001,2024-10-25,5,3,8,1,4,7,1,1,2024-10-22 10:54:00,2024-10-22 11:54:00,2024-10-25 10:54:00,13.05715,77.60309,"On 2024-10-22, Nandini Desai, a resident of 71, Main Road, Peenya, reported that the accused was found in possession of contraband during a vehicle check at a checkpost. The incident occurred within the limits of Hebbal Police Station in Bengaluru North district."
171,104500008202500006,202500006,2025-12-23,20,8,1,1,1,4,3,4,2025-12-23 10:06:00,2025-12-23 10:06:00,2025-12-23 10:06:00,12.12224,76.70363,"On 2025-12-23, Roopa Kamath, a resident of 138, Main Road, Krishnaraja, reported that an armed group waylaid the complainant on a deserted stretch and robbed the collection amount. The incident occurred within the limits of Nanjangud Police Station in Mysuru district."
172,104300012202500006,202500006,2025-06-03,29,12,1,2,1,2,3,5,2025-06-01 23:23:00,2025-06-01 23:23:00,2025-06-03 23:23:00,17.54285,76.55314,"On 2025-06-01, Basavaraj Jadhav, a resident of 11, Main Road, Aland, reported that the lock of the main door was broken open while the house was locked and the family was away. The incident occurred within the limits of Aland Police Station in Kalaburagi district."
173,104430002202600008,202600008,2026-06-17,3,2,1,2,1,1,3,2,2026-06-15 18:47:00,2026-06-15 20:47:00,2026-06-17 18:47:00,13.08634,77.594,"On 2026-06-15, Prakash Desai, a resident of 25, Cross Road, Peenya, reported that suspects on a motorcycle without a number plate snatched the chain near a bus stop. The incident occurred within the limits of Yelahanka Police Station in Bengaluru North district."
174,104430002202500010,202500010,2025-07-20,3,2,1,2,1,2,1,2,2025-07-17 10:18:00,2025-07-17 11:18:00,2025-07-20 10:18:00,13.1068,77.59907,"On 2025-07-17, Kiran Pujari, a resident of 178, Colony, Peenya, reported that entry was gained through an unsecured rear window and the almirah was ransacked. The incident occurred within the limits of Yelahanka Police Station in Bengaluru North district."
175,104430002202400003,202400003,2024-09-19,3,2,1,2,2,5,3,1,2024-09-18 22:28:00,2024-09-18 23:28:00,2024-09-19 22:28:00,13.09675,77.6023,"On 2024-09-18, Ramesh Achar, a resident of 53, Layout, Hebbal, reported that the accused caused hurt with a wooden club following a prior enmity. The incident occurred within the limits of Yelahanka Police Station in Bengaluru North district."
176,104430004202500009,202500009,2025-08-10,8,4,1,2,2,5,1,1,2025-08-09 05:39:00,2025-08-09 06:39:00,2025-08-10 05:39:00,13.0216,77.50153,"On 2025-08-09, Bhavya Desai, a resident of 9, Main Road, Peenya, reported that a quarrel over a parking dispute escalated and the complainant was assaulted. The incident occurred within the limits of Peenya Police Station in Bengaluru North district."
177,104430004202500010,202500010,2025-06-22,8,4,1,2,1,1,3,2,2025-06-21 01:18:00,2025-06-21 01:18:00,2025-06-22 01:18:00,13.02678,77.53929,"On 2025-06-21, Imran Shetty, a resident of 123, Extension, RT Nagar, reported that suspects on a motorcycle without a number plate snatched the chain near a bus stop. The incident occurred within the limits of Peenya Police Station in Bengaluru North district."
178,104300012202500007,202500007,2025-10-17,29,12,1,2,1,1,3,5,2025-10-14 09:20:00,2025-10-14 10:20:00,2025-10-17 09:20:00,17.56583,76.58525,"On 2025-10-14, Lakshmi Reddy, a resident of 140, Cross Road, Kalaburagi City, reported that pillion rider snatched the mangalsutra while the complainant was walking on the footpath. The incident occurred within the limits of Aland Police Station in Kalaburagi district."
179,104500008202500007,202500007,2025-10-19,20,8,1,2,1,1,1,4,2025-10-17 05:42:00,2025-10-17 05:42:00,2025-10-19 05:42:00,12.10249,76.69921,"On 2025-10-17, Rakesh Bhat, a resident of 151, Main Road, Nanjangud, reported that pillion rider snatched the mangalsutra while the complainant was walking on the footpath. The incident occurred within the limits of Nanjangud Police Station in Mysuru district."
180,104500009202600008,202600008,2026-06-09,22,9,1,2,1,3,2,3,2026-06-07 01:54:00,2026-06-07 02:54:00,2026-06-09 01:54:00,12.30921,76.31088,"On 2026-06-07, Chetan Murthy, a resident of 40, Layout, Krishnaraja, reported that the vehicle was taken from an unattended parking lot after the steering lock was broken. The incident occurred within the limits of Hunsur Police Station in Mysuru district."
181,104430005202400007,202400007,2024-10-21,12,5,1,2,2,5,1,1,2024-10-19 19:43:00,2024-10-19 22:43:00,2024-10-21 19:43:00,13.02741,77.61298,"On 2024-10-19, Harish Bhat, a resident of 105, Layout, Peenya, reported that a quarrel over a parking dispute escalated and the complainant was assaulted. The incident occurred within the limits of RT Nagar Police Station in Bengaluru North district."
182,104430004202600004,202600004,2026-01-29,10,4,1,2,1,1,2,1,2026-01-27 01:33:00,2026-01-27 01:33:00,2026-01-29 01:33:00,13.03161,77.52222,"On 2026-01-27, Shivakumar Reddy, a resident of 79, Main Road, Hebbal, reported that pillion rider snatched the mangalsutra while the complainant was walking on the footpath. The incident occurred within the limits of Peenya Police Station in Bengaluru North district."
183,104500008202500008,202500008,2025-04-27,20,8,1,2,2,5,1,4,2025-04-26 01:02:00,2025-04-26 04:02:00,2025-04-27 01:02:00,12.11966,76.6985,"On 2025-04-26, Shivakumar Hegde, a resident of 133, Colony, Krishnaraja, reported that a quarrel over a parking dispute escalated and the complainant was assaulted. The incident occurred within the limits of Nanjangud Police Station in Mysuru district."
184,104430004202600005,202600005,2026-01-26,8,4,1,1,1,4,2,1,2026-01-25 06:38:00,2026-01-25 08:38:00,2026-01-26 06:38:00,13.05024,77.51926,"On 2026-01-25, Prakash Bhat, a resident of 37, Colony, Hebbal, reported that an armed group waylaid the complainant on a deserted stretch and robbed the collection amount. The incident occurred within the limits of Peenya Police Station in Bengaluru North district."
185,104430004202500011,202500011,2025-05-04,10,4,1,2,3,6,2,2,2025-05-03 09:21:00,2025-05-03 11:21:00,2025-05-04 09:21:00,13.01373,77.50357,"On 2025-05-03, Kavitha Jadhav, a resident of 128, Extension, Hebbal, reported that the suspect posed as a bank official and obtained the OTP over a phone call. The incident occurred within the limits of Peenya Police Station in Bengaluru North district."
186,104430005202500014,202500014,2025-11-23,13,5,1,1,4,7,1,1,2025-11-22 16:12:00,2025-11-22 17:12:00,2025-11-23 16:12:00,13.01529,77.59463,"On 2025-11-22, Savitha Hegde, a resident of 43, Layout, Hebbal, reported that the accused was found in possession of contraband during a vehicle check at a checkpost. The incident occurred within the limits of RT Nagar Police Station in Bengaluru North district."
187,104430005202500015,202500015,2025-10-17,13,5,1,2,2,5,2,1,2025-10-14 17:18:00,2025-10-14 20:18:00,2025-10-17 17:18:00,13.03634,77.5831,"On 2025-10-14, Lokesh Swamy, a resident of 42, Main Road, RT Nagar, reported that a quarrel over a parking dispute escalated and the complainant was assaulted. The incident occurred within the limits of RT Nagar Police Station in Bengaluru North district."
188,104430005202600011,202600011,2026-06-16,12,5,1,2,2,5,2,1,2026-06-14 14:13:00,2026-06-14 17:13:00,2026-06-16 14:13:00,13.00815,77.61006,"On 2026-06-14, Prakash Murthy, a resident of 81, Extension, RT Nagar, reported that a quarrel over a parking dispute escalated and the complainant was assaulted. The incident occurred within the limits of RT Nagar Police Station in Bengaluru North district."
189,104500009202600009,202600009,2026-03-08,22,9,1,2,2,5,1,4,2026-03-05 18:55:00,2026-03-05 21:55:00,2026-03-08 18:55:00,12.29087,76.2941,"On 2026-03-05, Rakesh Achar, a resident of 166, Colony, Hunsur, reported that a quarrel over a parking dispute escalated and the complainant was assaulted. The incident occurred within the limits of Hunsur Police Station in Mysuru district."
190,104430004202500012,202500012,2025-12-17,10,4,1,2,1,3,1,1,2025-12-15 03:32:00,2025-12-15 03:32:00,2025-12-17 03:32:00,13.04481,77.49694,"On 2025-12-15, Bhavya Desai, a resident of 9, Main Road, Peenya, reported that the vehicle was taken from an unattended parking lot after the steering lock was broken. The incident occurred within the limits of Peenya Police Station in Bengaluru North district."
191,104500008202500009,202500009,2025-09-10,20,8,1,2,3,6,1,3,2025-09-08 05:36:00,2025-09-08 05:36:00,2025-09-10 05:36:00,12.12044,76.67325,"On 2025-09-08, Basavaraj Hegde, a resident of 77, Colony, Hunsur, reported that the complainant was induced to transfer money on the promise of a part-time job. The incident occurred within the limits of Nanjangud Police Station in Mysuru district."
192,104500007202500010,202500010,2025-09-04,16,7,1,2,1,2,3,4,2025-09-01 12:22:00,2025-09-01 13:22:00,2025-09-04 12:22:00,12.32607,76.64194,"On 2025-09-01, Mahesh Reddy, a resident of 110, Layout, Nanjangud, reported that the lock of the main door was broken open while the house was locked and the family was away. The incident occurred within the limits of Krishnaraja Police Station in Mysuru district."
193,104430003202400006,202400006,2024-11-21,5,3,1,2,2,5,3,2,2024-11-21 11:29:00,2024-11-21 12:29:00,2024-11-21 11:29:00,13.04122,77.60544,"On 2024-11-21, Ramesh Bhat, a resident of 120, Layout, RT Nagar, reported that the accused caused hurt with a wooden club following a prior enmity. The incident occurred within the limits of Hebbal Police Station in Bengaluru North district."
194,104430004202400003,202400003,2024-07-04,8,4,1,2,2,5,3,2,2024-07-04 17:28:00,2024-07-04 18:28:00,2024-07-04 17:28:00,13.04725,77.51514,"On 2024-07-04, Ramesh Achar, a resident of 53, Layout, Hebbal, reported that the accused caused hurt with a wooden club following a prior enmity. The incident occurred within the limits of Peenya Police Station in Bengaluru North district."
195,104430002202400004,202400004,2024-09-28,2,2,1,2,3,6,1,2,2024-09-25 04:18:00,2024-09-25 04:18:00,2024-09-28 04:18:00,13.10333,77.59196,"On 2024-09-25, Suresh Rao, a resident of 90, Layout, Peenya, reported that payment was collected for goods advertised online which were never delivered. The incident occurred within the limits of Yelahanka Police Station in Bengaluru North district."
196,104500008202600002,202600002,2026-02-08,19,8,1,2,2,5,1,4,2026-02-07 02:33:00,2026-02-07 04:33:00,2026-02-08 02:33:00,12.1158,76.69382,"On 2026-02-07, Naveen Rao, a resident of 84, Colony, Nanjangud, reported that a quarrel over a parking dispute escalated and the complainant was assaulted. The incident occurred within the limits of Nanjangud Police Station in Mysuru district."
197,104430004202500013,202500013,2025-11-04,10,4,1,2,3,6,1,2,2025-11-03 17:45:00,2025-11-03 20:45:00,2025-11-04 17:45:00,13.04601,77.52191,"On 2025-11-03, Mahesh Shetty, a resident of 118, Extension, Peenya, reported that the suspect posed as a bank official and obtained the OTP over a phone call. The incident occurred within the limits of Peenya Police Station in Bengaluru North district."
198,104500008202500010,202500010,2025-07-07,20,8,1,2,2,5,3,4,2025-07-04 12:05:00,2025-07-04 14:05:00,2025-07-07 12:05:00,12.11937,76.69269,"On 2025-07-04, Roopa Kamath, a resident of 138, Main Road, Krishnaraja, reported that a quarrel over a parking dispute escalated and the complainant was assaulted. The incident occurred within the limits of Nanjangud Police Station in Mysuru district."
199,104430002202400005,202400005,2024-08-23,3,2,1,2,1,3,1,1,2024-08-21 15:31:00,2024-08-21 17:31:00,2024-08-23 15:31:00,13.10117,77.57951,"On 2024-08-21, Girish Swamy, a resident of 119, Main Road, Yelahanka, reported that the two-wheeler was stolen from outside a commercial complex in broad daylight. The incident occurred within the limits of Yelahanka Police Station in Bengaluru North district."
200,104500007202500011,202500011,2025-08-04,17,7,1,2,1,2,3,4,2025-08-03 23:47:00,2025-08-04 00:47:00,2025-08-04 23:47:00,12.28483,76.63791,"On 2025-08-03, Anand Naik, a resident of 102, Colony, Krishnaraja, reported that the lock of the main door was broken open while the house was locked and the family was away. The incident occurred within the limits of Krishnaraja Police Station in Mysuru district."
201,104500009202400004,202400004,2024-09-23,22,9,1,2,1,2,3,3,2024-09-20 09:01:00,2024-09-20 11:01:00,2024-09-23 09:01:00,12.31197,76.30471,"On 2024-09-20, Vinay Prasad, a resident of 111, Main Road, Nanjangud, reported that entry was gained through an unsecured rear window and the almirah was ransacked. The incident occurred within the limits of Hunsur Police Station in Mysuru district."
202,104430003202500011,202500011,2025-12-05,6,3,1,1,4,7,1,1,2025-12-02 22:26:00,2025-12-02 22:26:00,2025-12-05 22:26:00,13.05011,77.5946,"On 2025-12-02, Yusuf Reddy, a resident of 73, Layout, Yelahanka, reported that a tip-off led to the seizure of contraband from a rented room. The incident occurred within the limits of Hebbal Police Station in Bengaluru North district."
203,104430002202500011,202500011,2025-04-15,2,2,1,2,2,5,1,2,2025-04-14 22:16:00,2025-04-14 23:16:00,2025-04-15 22:16:00,13.10827,77.60018,"On 2025-04-14, Chetan Rao, a resident of 23, Main Road, RT Nagar, reported that the accused caused hurt with a wooden club following a prior enmity. The incident occurred within the limits of Yelahanka Police Station in Bengaluru North district."
204,104500009202500010,202500010,2025-04-05,22,9,1,2,2,5,3,3,2025-04-03 03:30:00,2025-04-03 05:30:00,2025-04-05 03:30:00,12.31397,76.31189,"On 2025-04-03, Shivakumar Hegde, a resident of 133, Colony, Krishnaraja, reported that a quarrel over a parking dispute escalated and the complainant was assaulted. The incident occurred within the limits of Hunsur Police Station in Mysuru district."
205,104430003202500012,202500012,2025-01-15,6,3,1,2,1,3,1,1,2025-01-15 09:54:00,2025-01-15 12:54:00,2025-01-15 09:54:00,13.03144,77.58806,"On 2025-01-15, Mahesh Shetty, a resident of 118, Extension, Peenya, reported that the motorcycle parked outside the residence was stolen during the night. The incident occurred within the limits of Hebbal Police Station in Bengaluru North district."
206,104300013202600007,202600007,2026-03-23,31,13,1,1,1,4,1,5,2026-03-20 21:04:00,2026-03-20 23:04:00,2026-03-23 21:04:00,17.11796,77.08066,"On 2026-03-20, Anand Bhat, a resident of 159, Cross Road, Kalaburagi City, reported that the suspects threatened the complainant with a knife and took cash and a mobile phone. The incident occurred within the limits of Chittapur Police Station in Kalaburagi district."
207,104430002202600009,202600009,2026-04-26,2,2,1,2,3,6,1,1,2026-04-23 06:11:00,2026-04-23 06:11:00,2026-04-26 06:11:00,13.08621,77.5954,"On 2026-04-23, Vinay Patil, a resident of 138, Cross Road, RT Nagar, reported that the suspect posed as a bank official and obtained the OTP over a phone call. The incident occurred within the limits of Yelahanka Police Station in Bengaluru North district."
208,104430002202600010,202600010,2026-05-02,2,2,1,2,1,1,2,2,2026-05-01 03:58:00,2026-05-01 04:58:00,2026-05-02 03:58:00,13.10173,77.60337,"On 2026-05-01, Nandini Achar, a resident of 26, Colony, Yelahanka, reported that suspects on a motorcycle without a number plate snatched the chain near a bus stop. The incident occurred within the limits of Yelahanka Police Station in Bengaluru North district."
209,104300013202500011,202500011,2025-05-05,31,13,1,2,1,3,2,6,2025-05-04 18:02:00,2025-05-04 21:02:00,2025-05-05 18:02:00,17.13055,77.09781,"On 2025-05-04, Chetan Bhat, a resident of 2, Colony, Kalaburagi City, reported that the motorcycle parked outside the residence was stolen during the night. The incident occurred within the limits of Chittapur Police Station in Kalaburagi district."
210,104430005202600012,202600012,2026-05-07,12,5,1,2,1,3,3,1,2026-05-07 04:36:00,2026-05-07 05:36:00,2026-05-07 04:36:00,13.03583,77.61367,"On 2026-05-07, Lokesh Murthy, a resident of 86, Cross Road, Peenya, reported that the two-wheeler was stolen from outside a commercial complex in broad daylight. The incident occurred within the limits of RT Nagar Police Station in Bengaluru North district."
211,104430002202600011,202600011,2026-01-11,3,2,1,2,2,5,2,1,2026-01-11 17:04:00,2026-01-11 19:04:00,2026-01-11 17:04:00,13.11658,77.59377,"On 2026-01-11, Pooja Jadhav, a resident of 73, Layout, Yelahanka, reported that the accused caused hurt with a wooden club following a prior enmity. The incident occurred within the limits of Yelahanka Police Station in Bengaluru North district."
212,104430003202400007,202400007,2024-08-16,5,3,1,2,3,6,2,2,2024-08-15 06:38:00,2024-08-15 07:38:00,2024-08-16 06:38:00,13.03147,77.60876,"On 2024-08-15, Kiran Pujari, a resident of 178, Colony, Peenya, reported that the suspect posed as a bank official and obtained the OTP over a phone call. The incident occurred within the limits of Hebbal Police Station in Bengaluru North district."
213,104300013202500012,202500012,2025-01-07,31,13,1,2,1,2,3,6,2025-01-04 02:43:00,2025-01-04 04:43:00,2025-01-07 02:43:00,17.10983,77.08771,"On 2025-01-04, Harish Achar, a resident of 150, Extension, Kalaburagi City, reported that entry was gained through an unsecured rear window and the almirah was ransacked. The incident occurred within the limits of Chittapur Police Station in Kalaburagi district."
214,104430002202600012,202600012,2026-04-14,3,2,1,2,1,1,2,2,2026-04-13 17:28:00,2026-04-13 19:28:00,2026-04-14 17:28:00,13.09753,77.58429,"On 2026-04-13, Anand Desai, a resident of 84, Colony, Hebbal, reported that pillion rider snatched the mangalsutra while the complainant was walking on the footpath. The incident occurred within the limits of Yelahanka Police Station in Bengaluru North district."
215,104500009202500011,202500011,2025-11-12,22,9,1,1,4,7,3,4,2025-11-10 23:02:00,2025-11-11 02:02:00,2025-11-12 23:02:00,12.28178,76.2894,"On 2025-11-10, Basavaraj Hegde, a resident of 77, Colony, Hunsur, reported that a tip-off led to the seizure of contraband from a rented room. The incident occurred within the limits of Hunsur Police Station in Mysuru district."
216,104500008202400004,202400004,2024-08-05,19,8,1,2,1,1,2,3,2024-08-05 21:43:00,2024-08-05 23:43:00,2024-08-05 21:43:00,12.13003,76.69454,"On 2024-08-05, Imran Patil, a resident of 79, Colony, Krishnaraja, reported that two-wheeler borne suspects snatched the gold chain and fled towards the ring road. The incident occurred within the limits of Nanjangud Police Station in Mysuru district."
217,104430002202500012,202500012,2025-11-27,2,2,1,1,4,7,3,1,2025-11-25 07:15:00,2025-11-25 07:15:00,2025-11-27 07:15:00,13.08878,77.60814,"On 2025-11-25, Kiran Naik, a resident of 115, Layout, Peenya, reported that a tip-off led to the seizure of contraband from a rented room. The incident occurred within the limits of Yelahanka Police Station in Bengaluru North district."
218,104500009202500012,202500012,2025-10-17,22,9,1,2,2,5,1,3,2025-10-17 02:38:00,2025-10-17 05:38:00,2025-10-17 02:38:00,12.31583,76.28063,"On 2025-10-17, Ananya Rao, a resident of 125, Cross Road, Nanjangud, reported that a quarrel over a parking dispute escalated and the complainant was assaulted. The incident occurred within the limits of Hunsur Police Station in Mysuru district."
219,104300012202400002,202400002,2024-08-21,28,12,1,2,1,2,1,5,2024-08-21 23:53:00,2024-08-22 02:53:00,2024-08-21 23:53:00,17.56935,76.58244,"On 2024-08-21, Girish Reddy, a resident of 2, Cross Road, Aland, reported that the lock of the main door was broken open while the house was locked and the family was away. The incident occurred within the limits of Aland Police Station in Kalaburagi district."
220,104500008202500011,202500011,2025-07-22,20,8,1,2,3,6,1,3,2025-07-19 05:06:00,2025-07-19 05:06:00,2025-07-22 05:06:00,12.12515,76.67711,"On 2025-07-19, Ananya Rao, a resident of 125, Cross Road, Nanjangud, reported that the complainant was induced to transfer money on the promise of a part-time job. The incident occurred within the limits of Nanjangud Police Station in Mysuru district."
221,104430005202500016,202500016,2025-01-10,13,5,1,2,3,6,3,2,2025-01-10 16:35:00,2025-01-10 18:35:00,2025-01-10 16:35:00,13.02269,77.6095,"On 2025-01-10, Savitha Desai, a resident of 40, Cross Road, Peenya, reported that the complainant was induced to transfer money on the promise of a part-time job. The incident occurred within the limits of RT Nagar Police Station in Bengaluru North district."
222,104430004202400004,202400004,2024-09-27,9,4,1,2,1,3,1,2,2024-09-27 21:20:00,2024-09-27 22:20:00,2024-09-27 21:20:00,13.0456,77.53963,"On 2024-09-27, Naveen Gowda, a resident of 74, Extension, RT Nagar, reported that the vehicle was taken from an unattended parking lot after the steering lock was broken. The incident occurred within the limits of Peenya Police Station in Bengaluru North district."
223,104500009202600010,202600010,2026-06-12,22,9,1,2,2,5,2,4,2026-06-10 11:59:00,2026-06-10 12:59:00,2026-06-12 11:59:00,12.29106,76.27648,"On 2026-06-10, Bhavya Hegde, a resident of 152, Main Road, Krishnaraja, reported that the accused caused hurt with a wooden club following a prior enmity. The incident occurred within the limits of Hunsur Police Station in Mysuru district."
224,104430004202500014,202500014,2025-09-06,8,4,1,1,1,4,2,2,2025-09-06 21:14:00,2025-09-06 21:14:00,2025-09-06 21:14:00,13.00722,77.50451,"On 2025-09-06, Harish Kulkarni, a resident of 1, Main Road, Peenya, reported that the suspects threatened the complainant with a knife and took cash and a mobile phone. The incident occurred within the limits of Peenya Police Station in Bengaluru North district."
225,104430002202600013,202600013,2026-05-04,2,2,1,2,1,1,3,2,2026-05-01 08:09:00,2026-05-01 09:09:00,2026-05-04 08:09:00,13.11618,77.58308,"On 2026-05-01, Shwetha Kulkarni, a resident of 163, Main Road, RT Nagar, reported that pillion rider snatched the mangalsutra while the complainant was walking on the footpath. The incident occurred within the limits of Yelahanka Police Station in Bengaluru North district."
226,104500009202400005,202400005,2024-11-16,23,9,1,2,3,6,3,4,2024-11-13 23:55:00,2024-11-13 23:55:00,2024-11-16 23:55:00,12.29571,76.27717,"On 2024-11-13, Ramesh Kulkarni, a resident of 59, Layout, Krishnaraja, reported that payment was collected for goods advertised online which were never delivered. The incident occurred within the limits of Hunsur Police Station in Mysuru district."
227,104300011202600005,202600005,2026-01-14,25,11,1,2,2,5,1,5,2026-01-13 06:46:00,2026-01-13 06:46:00,2026-01-14 06:46:00,17.35206,76.85095,"On 2026-01-13, Pooja Kulkarni, a resident of 102, Cross Road, Aland, reported that the accused caused hurt with a wooden club following a prior enmity. The incident occurred within the limits of Kalaburagi City Police Station in Kalaburagi district."
228,104430004202600006,202600006,2026-01-25,9,4,1,1,1,4,2,2,2026-01-22 15:17:00,2026-01-22 18:17:00,2026-01-25 15:17:00,13.04559,77.49561,"On 2026-01-22, Deepa Pujari, a resident of 88, Colony, RT Nagar, reported that the suspects threatened the complainant with a knife and took cash and a mobile phone. The incident occurred within the limits of Peenya Police Station in Bengaluru North district."
229,104430005202600013,202600013,2026-02-07,12,5,1,1,4,7,3,1,2026-02-04 18:55:00,2026-02-04 19:55:00,2026-02-07 18:55:00,13.00835,77.58187,"On 2026-02-04, Santhosh Patil, a resident of 15, Main Road, Peenya, reported that the accused was found in possession of contraband during a vehicle check at a checkpost. The incident occurred within the limits of RT Nagar Police Station in Bengaluru North district."
230,104430005202500017,202500017,2025-02-16,12,5,1,2,1,1,3,2,2025-02-13 17:57:00,2025-02-13 20:57:00,2025-02-16 17:57:00,13.01192,77.59694,"On 2025-02-13, Nagaraj Murthy, a resident of 15, Cross Road, Yelahanka, reported that pillion rider snatched the mangalsutra while the complainant was walking on the footpath. The incident occurred within the limits of RT Nagar Police Station in Bengaluru North district."
231,104300012202500008,202500008,2025-09-24,29,12,1,2,3,6,1,5,2025-09-24 17:58:00,2025-09-24 20:58:00,2025-09-24 17:58:00,17.56645,76.55027,"On 2025-09-24, Shwetha Reddy, a resident of 134, Main Road, Kalaburagi City, reported that the suspect posed as a bank official and obtained the OTP over a phone call. The incident occurred within the limits of Aland Police Station in Kalaburagi district."
232,104430002202400006,202400006,2024-08-02,2,2,1,2,1,1,3,1,2024-08-01 13:16:00,2024-08-01 14:16:00,2024-08-02 13:16:00,13.10174,77.58755,"On 2024-08-01, Imran Kulkarni, a resident of 103, Extension, Yelahanka, reported that suspects on a motorcycle without a number plate snatched the chain near a bus stop. The incident occurred within the limits of Yelahanka Police Station in Bengaluru North district."
233,104430002202600014,202600014,2026-02-18,3,2,1,1,1,4,1,1,2026-02-16 02:52:00,2026-02-16 02:52:00,2026-02-18 02:52:00,13.10421,77.6002,"On 2026-02-16, Naveen Bhat, a resident of 53, Extension, Peenya, reported that the suspects threatened the complainant with a knife and took cash and a mobile phone. The incident occurred within the limits of Yelahanka Police Station in Bengaluru North district."
234,104300013202500013,202500013,2025-09-14,32,13,1,2,3,6,3,6,2025-09-13 19:10:00,2025-09-13 19:10:00,2025-09-14 19:10:00,17.1218,77.07073,"On 2025-09-13, Lakshmi Reddy, a resident of 140, Cross Road, Kalaburagi City, reported that the complainant was induced to transfer money on the promise of a part-time job. The incident occurred within the limits of Chittapur Police Station in Kalaburagi district."
235,104500009202500013,202500013,2025-11-26,23,9,1,1,1,4,2,3,2025-11-26 22:05:00,2025-11-27 00:05:00,2025-11-26 22:05:00,12.30767,76.27076,"On 2025-11-26, Santhosh Bhat, a resident of 105, Main Road, Krishnaraja, reported that an armed group waylaid the complainant on a deserted stretch and robbed the collection amount. The incident occurred within the limits of Hunsur Police Station in Mysuru district."
236,104430005202500018,202500018,2025-11-12,12,5,1,2,1,3,2,2,2025-11-09 07:24:00,2025-11-09 07:24:00,2025-11-12 07:24:00,13.02645,77.57244,"On 2025-11-09, Farhan Desai, a resident of 93, Main Road, Hebbal, reported that the two-wheeler was stolen from outside a commercial complex in broad daylight. The incident occurred within the limits of RT Nagar Police Station in Bengaluru North district."
237,104430004202500015,202500015,2025-02-05,9,4,1,2,1,1,2,1,2025-02-05 05:23:00,2025-02-05 07:23:00,2025-02-05 05:23:00,13.02491,77.52597,"On 2025-02-05, Ananya Achar, a resident of 121, Cross Road, Peenya, reported that two-wheeler borne suspects snatched the gold chain and fled towards the ring road. The incident occurred within the limits of Peenya Police Station in Bengaluru North district."
238,804500007202600001,202600001,2026-04-04,17,7,8,2,1,2,3,4,2026-04-03 12:38:00,2026-04-03 15:38:00,2026-04-04 12:38:00,12.2888,76.64661,"On 2026-04-03, Vidya Jadhav, a resident of 54, Extension, Hunsur, reported that the lock of the main door was broken open while the house was locked and the family was away. The incident occurred within the limits of Krishnaraja Police Station in Mysuru district."
239,104430005202500019,202500019,2025-03-09,12,5,1,2,1,3,1,2,2025-03-07 21:42:00,2025-03-07 23:42:00,2025-03-09 21:42:00,13.00781,77.60462,"On 2025-03-07, Naveen Gowda, a resident of 74, Extension, RT Nagar, reported that the vehicle was taken from an unattended parking lot after the steering lock was broken. The incident occurred within the limits of RT Nagar Police Station in Bengaluru North district."
240,104500009202500014,202500014,2025-01-23,22,9,1,1,1,4,1,4,2025-01-20 23:16:00,2025-01-21 00:16:00,2025-01-23 23:16:00,12.32438,76.31355,"On 2025-01-20, Kiran Shetty, a resident of 4, Extension, Krishnaraja, reported that the suspects threatened the complainant with a knife and took cash and a mobile phone. The incident occurred within the limits of Hunsur Police Station in Mysuru district."
241,104430003202500013,202500013,2025-03-25,5,3,1,1,4,7,1,1,2025-03-25 18:56:00,2025-03-25 18:56:00,2025-03-25 18:56:00,13.04579,77.57601,"On 2025-03-25, Prakash Kamath, a resident of 169, Main Road, Peenya, reported that the accused was found in possession of contraband during a vehicle check at a checkpost. The incident occurred within the limits of Hebbal Police Station in Bengaluru North district."
242,104430004202500016,202500016,2025-10-06,9,4,1,2,1,3,2,2,2025-10-06 13:13:00,2025-10-06 14:13:00,2025-10-06 13:13:00,13.01548,77.50799,"On 2025-10-06, Prakash Murthy, a resident of 81, Extension, RT Nagar, reported that the motorcycle parked outside the residence was stolen during the night. The incident occurred within the limits of Peenya Police Station in Bengaluru North district."
243,104430004202400005,202400005,2024-12-17,10,4,1,2,2,5,2,2,2024-12-17 04:27:00,2024-12-17 07:27:00,2024-12-17 04:27:00,13.02955,77.5373,"On 2024-12-17, Naveen Gowda, a resident of 74, Extension, RT Nagar, reported that the accused caused hurt with a wooden club following a prior enmity. The incident occurred within the limits of Peenya Police Station in Bengaluru North district."
244,104300013202400002,202400002,2024-08-08,31,13,1,2,3,6,3,6,2024-08-05 10:20:00,2024-08-05 12:20:00,2024-08-08 10:20:00,17.11358,77.08678,"On 2024-08-05, Suresh Reddy, a resident of 25, Layout, Chittapur, reported that the complainant was induced to transfer money on the promise of a part-time job. The incident occurred within the limits of Chittapur Police Station in Kalaburagi district."
245,104430004202500017,202500017,2025-02-07,8,4,1,2,1,3,1,1,2025-02-05 22:42:00,2025-02-06 00:42:00,2025-02-07 22:42:00,13.02702,77.53073,"On 2025-02-05, Imran Rao, a resident of 99, Main Road, Hebbal, reported that the motorcycle parked outside the residence was stolen during the night. The incident occurred within the limits of Peenya Police Station in Bengaluru North district."
246,104430004202500018,202500018,2025-01-16,8,4,1,2,1,1,2,1,2025-01-14 12:13:00,2025-01-14 12:13:00,2025-01-16 12:13:00,13.02853,77.51001,"On 2025-01-14, Anand Desai, a resident of 84, Colony, Hebbal, reported that suspects on a motorcycle without a number plate snatched the chain near a bus stop. The incident occurred within the limits of Peenya Police Station in Bengaluru North district."
247,104430004202500019,202500019,2025-05-24,10,4,1,1,4,7,1,1,2025-05-22 10:15:00,2025-05-22 12:15:00,2025-05-24 10:15:00,13.01032,77.50038,"On 2025-05-22, Umesh Gowda, a resident of 121, Main Road, Hebbal, reported that the accused was found in possession of contraband during a vehicle check at a checkpost. The incident occurred within the limits of Peenya Police Station in Bengaluru North district."
248,104300011202400003,202400003,2024-09-04,26,11,1,2,3,6,2,6,2024-09-01 11:49:00,2024-09-01 11:49:00,2024-09-04 11:49:00,17.33173,76.81447,"On 2024-09-01, Ravi Naik, a resident of 14, Main Road, Aland, reported that the suspect posed as a bank official and obtained the OTP over a phone call. The incident occurred within the limits of Kalaburagi City Police Station in Kalaburagi district."
249,104430002202500013,202500013,2025-12-24,3,2,1,2,3,6,2,1,2025-12-21 14:08:00,2025-12-21 14:08:00,2025-12-24 14:08:00,13.09853,77.58873,"On 2025-12-21, Ananya Kulkarni, a resident of 161, Main Road, Hebbal, reported that payment was collected for goods advertised online which were never delivered. The incident occurred within the limits of Yelahanka Police Station in Bengaluru North district."
250,104500007202600006,202600006,2026-04-25,15,7,1,1,4,7,2,3,2026-04-22 01:16:00,2026-04-22 01:16:00,2026-04-25 01:16:00,12.30877,76.63315,"On 2026-04-22, Umesh Achar, a resident of 29, Main Road, Hunsur, reported that the accused was found in possession of contraband during a vehicle check at a checkpost. The incident occurred within the limits of Krishnaraja Police Station in Mysuru district."
251,104430004202500020,202500020,2025-09-20,9,4,1,2,3,6,1,1,2025-09-19 02:01:00,2025-09-19 02:01:00,2025-09-20 02:01:00,13.03775,77.4957,"On 2025-09-19, Anand Prasad, a resident of 2, Layout, RT Nagar, reported that payment was collected for goods advertised online which were never delivered. The incident occurred within the limits of Peenya Police Station in Bengaluru North district."
252,104430005202500020,202500020,2025-11-14,13,5,1,2,2,5,2,1,2025-11-12 12:01:00,2025-11-12 12:01:00,2025-11-14 12:01:00,13.01315,77.5787,"On 2025-11-12, Mahesh Achar, a resident of 16, Extension, Peenya, reported that the accused caused hurt with a wooden club following a prior enmity. The incident occurred within the limits of RT Nagar Police Station in Bengaluru North district."
253,104300013202500014,202500014,2025-07-07,31,13,1,2,1,3,3,6,2025-07-05 04:43:00,2025-07-05 06:43:00,2025-07-07 04:43:00,17.10792,77.09346,"On 2025-07-05, Ramesh Achar, a resident of 179, Main Road, Chittapur, reported that the motorcycle parked outside the residence was stolen during the night. The incident occurred within the limits of Chittapur Police Station in Kalaburagi district."
254,104430005202500021,202500021,2025-02-14,12,5,1,2,2,5,2,1,2025-02-13 17:21:00,2025-02-13 20:21:00,2025-02-14 17:21:00,13.02845,77.57775,"On 2025-02-13, Ananya Kulkarni, a resident of 37, Extension, RT Nagar, reported that the accused caused hurt with a wooden club following a prior enmity. The incident occurred within the limits of RT Nagar Police Station in Bengaluru North district."
255,104500008202500012,202500012,2025-09-28,19,8,1,2,2,5,3,3,2025-09-25 22:46:00,2025-09-26 00:46:00,2025-09-28 22:46:00,12.09926,76.68331,"On 2025-09-25, Naveen Rao, a resident of 84, Colony, Nanjangud, reported that a quarrel over a parking dispute escalated and the complainant was assaulted. The incident occurred within the limits of Nanjangud Police Station in Mysuru district."
256,104300011202600006,202600006,2026-05-28,25,11,1,2,1,3,1,5,2026-05-25 09:06:00,2026-05-25 10:06:00,2026-05-28 09:06:00,17.30786,76.84928,"On 2026-05-25, Roopa Prasad, a resident of 130, Colony, Aland, reported that the vehicle was taken from an unattended parking lot after the steering lock was broken. The incident occurred within the limits of Kalaburagi City Police Station in Kalaburagi district."
257,104430005202600014,202600014,2026-05-25,13,5,1,1,4,7,1,1,2026-05-24 23:21:00,2026-05-25 00:21:00,2026-05-25 23:21:00,13.02575,77.60296,"On 2026-05-24, Kavitha Reddy, a resident of 168, Layout, RT Nagar, reported that the accused was found in possession of contraband during a vehicle check at a checkpost. The incident occurred within the limits of RT Nagar Police Station in Bengaluru North district."
258,104500009202600011,202600011,2026-05-11,22,9,1,2,1,1,2,3,2026-05-08 00:06:00,2026-05-08 01:06:00,2026-05-11 00:06:00,12.29732,76.27329,"On 2026-05-08, Nagaraj Murthy, a resident of 94, Colony, Hunsur, reported that two-wheeler borne suspects snatched the gold chain and fled towards the ring road. The incident occurred within the limits of Hunsur Police Station in Mysuru district."
259,104300012202600004,202600004,2026-02-16,28,12,1,2,1,2,1,6,2026-02-13 09:39:00,2026-02-13 11:39:00,2026-02-16 09:39:00,17.57236,76.55879,"On 2026-02-13, Farhan Desai, a resident of 47, Cross Road, Chittapur, reported that the grill of the ventilator was cut and gold ornaments and cash were taken. The incident occurred within the limits of Aland Police Station in Kalaburagi district."
260,104300012202500009,202500009,2025-08-29,29,12,1,2,1,2,2,5,2025-08-28 23:42:00,2025-08-29 01:42:00,2025-08-29 23:42:00,17.58588,76.58958,"On 2025-08-28, Girish Gowda, a resident of 172, Main Road, Aland, reported that entry was gained through an unsecured rear window and the almirah was ransacked. The incident occurred within the limits of Aland Police Station in Kalaburagi district."
261,104300013202400003,202400003,2024-09-23,32,13,1,2,1,2,3,6,2024-09-22 10:28:00,2024-09-22 10:28:00,2024-09-23 10:28:00,17.11697,77.08175,"On 2024-09-22, Nagaraj Hegde, a resident of 85, Colony, Chittapur, reported that the lock of the main door was broken open while the house was locked and the family was away. The incident occurred within the limits of Chittapur Police Station in Kalaburagi district."
262,104300013202600008,202600008,2026-01-22,32,13,1,1,1,4,2,6,2026-01-22 00:38:00,2026-01-22 00:38:00,2026-01-22 00:38:00,17.11569,77.10517,"On 2026-01-22, Kiran Naik, a resident of 138, Colony, Kalaburagi City, reported that an armed group waylaid the complainant on a deserted stretch and robbed the collection amount. The incident occurred within the limits of Chittapur Police Station in Kalaburagi district."
263,104430004202400006,202400006,2024-08-13,10,4,1,2,2,5,1,1,2024-08-13 10:09:00,2024-08-13 12:09:00,2024-08-13 10:09:00,13.00877,77.53813,"On 2024-08-13, Nagaraj Desai, a resident of 98, Colony, Peenya, reported that a quarrel over a parking dispute escalated and the complainant was assaulted. The incident occurred within the limits of Peenya Police Station in Bengaluru North district."
264,104430004202600007,202600007,2026-03-08,9,4,1,2,2,5,3,1,2026-03-05 17:06:00,2026-03-05 19:06:00,2026-03-08 17:06:00,13.00917,77.5339,"On 2026-03-05, Suresh Gowda, a resident of 86, Main Road, Yelahanka, reported that the accused caused hurt with a wooden club following a prior enmity. The incident occurred within the limits of Peenya Police Station in Bengaluru North district."
265,104300013202500015,202500015,2025-10-21,31,13,1,2,2,5,3,5,2025-10-18 21:37:00,2025-10-18 22:37:00,2025-10-21 21:37:00,17.13621,77.09958,"On 2025-10-18, Ravi Kamath, a resident of 175, Extension, Aland, reported that the accused caused hurt with a wooden club following a prior enmity. The incident occurred within the limits of Chittapur Police Station in Kalaburagi district."
266,104300011202400004,202400004,2024-08-15,25,11,1,2,1,3,3,6,2024-08-14 06:10:00,2024-08-14 06:10:00,2024-08-15 06:10:00,17.31924,76.85342,"On 2024-08-14, Lakshmi Kamath, a resident of 141, Main Road, Kalaburagi City, reported that the two-wheeler was stolen from outside a commercial complex in broad daylight. The incident occurred within the limits of Kalaburagi City Police Station in Kalaburagi district."
267,104300013202500016,202500016,2025-12-13,32,13,1,1,1,4,2,6,2025-12-12 21:02:00,2025-12-12 21:02:00,2025-12-13 21:02:00,17.14044,77.08991,"On 2025-12-12, Basavaraj Patil, a resident of 169, Layout, Kalaburagi City, reported that an armed group waylaid the complainant on a deserted stretch and robbed the collection amount. The incident occurred within the limits of Chittapur Police Station in Kalaburagi district."
268,104500008202600003,202600003,2026-02-17,20,8,1,2,2,5,1,4,2026-02-15 04:21:00,2026-02-15 05:21:00,2026-02-17 04:21:00,12.11995,76.70213,"On 2026-02-15, Deepa Prasad, a resident of 85, Colony, Nanjangud, reported that the accused caused hurt with a wooden club following a prior enmity. The incident occurred within the limits of Nanjangud Police Station in Mysuru district."
269,104430003202500014,202500014,2025-12-23,5,3,1,2,1,3,3,2,2025-12-23 13:04:00,2025-12-23 14:04:00,2025-12-23 13:04:00,13.04832,77.5972,"On 2025-12-23, Naveen Gowda, a resident of 74, Extension, RT Nagar, reported that the two-wheeler was stolen from outside a commercial complex in broad daylight. The incident occurred within the limits of Hebbal Police Station in Bengaluru North district."
270,104500007202600007,202600007,2026-05-05,16,7,1,2,3,6,1,4,2026-05-04 22:33:00,2026-05-04 22:33:00,2026-05-05 22:33:00,12.30196,76.65575,"On 2026-05-04, Rakesh Swamy, a resident of 145, Main Road, Krishnaraja, reported that the complainant was induced to transfer money on the promise of a part-time job. The incident occurred within the limits of Krishnaraja Police Station in Mysuru district."
271,804300012202500002,202500002,2025-11-05,29,12,8,1,1,4,3,6,2025-11-04 03:32:00,2025-11-04 03:32:00,2025-11-05 03:32:00,17.58497,76.55256,"On 2025-11-04, Kavitha Pujari, a resident of 78, Cross Road, Kalaburagi City, reported that an armed group waylaid the complainant on a deserted stretch and robbed the collection amount. The incident occurred within the limits of Aland Police Station in Kalaburagi district."
272,104430002202600015,202600015,2026-02-12,3,2,1,2,3,6,1,1,2026-02-12 14:45:00,2026-02-12 15:45:00,2026-02-12 14:45:00,13.0863,77.60944,"On 2026-02-12, Yusuf Swamy, a resident of 78, Cross Road, Hebbal, reported that payment was collected for goods advertised online which were never delivered. The incident occurred within the limits of Yelahanka Police Station in Bengaluru North district."
273,104300012202400003,202400003,2024-10-08,29,12,1,2,1,2,2,5,2024-10-07 00:52:00,2024-10-07 00:52:00,2024-10-08 00:52:00,17.57318,76.56896,"On 2024-10-07, Anand Hegde, a resident of 123, Extension, Aland, reported that the grill of the ventilator was cut and gold ornaments and cash were taken. The incident occurred within the limits of Aland Police Station in Kalaburagi district."
274,804500008202600001,202600001,2026-02-10,19,8,8,2,2,5,1,4,2026-02-10 10:29:00,2026-02-10 12:29:00,2026-02-10 10:29:00,12.1034,76.70223,"On 2026-02-10, Nandini Bhat, a resident of 39, Layout, Hunsur, reported that the accused caused hurt with a wooden club following a prior enmity. The incident occurred within the limits of Nanjangud Police Station in Mysuru district."
275,104430004202500021,202500021,2025-06-14,10,4,1,1,4,7,1,2,2025-06-11 03:39:00,2025-06-11 03:39:00,2025-06-14 03:39:00,13.03839,77.51519,"On 2025-06-11, Roopa Swamy, a resident of 14, Extension, RT Nagar, reported that the accused was found in possession of contraband during a vehicle check at a checkpost. The incident occurred within the limits of Peenya Police Station in Bengaluru North district."
276,104500007202500012,202500012,2025-10-28,17,7,1,1,4,7,1,3,2025-10-25 23:59:00,2025-10-26 00:59:00,2025-10-28 23:59:00,12.30043,76.63536,"On 2025-10-25, Deepa Pujari, a resident of 41, Colony, Hunsur, reported that a tip-off led to the seizure of contraband from a rented room. The incident occurred within the limits of Krishnaraja Police Station in Mysuru district."
277,104300012202600005,202600005,2026-05-15,29,12,1,2,2,5,1,6,2026-05-15 12:23:00,2026-05-15 14:23:00,2026-05-15 12:23:00,17.56482,76.54798,"On 2026-05-15, Anand Jadhav, a resident of 136, Colony, Kalaburagi City, reported that a quarrel over a parking dispute escalated and the complainant was assaulted. The incident occurred within the limits of Aland Police Station in Kalaburagi district."
278,104430002202600016,202600016,2026-01-29,3,2,1,2,1,1,1,2,2026-01-27 22:01:00,2026-01-27 22:01:00,2026-01-29 22:01:00,13.09409,77.58867,"On 2026-01-27, Naveen Bhat, a resident of 53, Extension, Peenya, reported that pillion rider snatched the mangalsutra while the complainant was walking on the footpath. The incident occurred within the limits of Yelahanka Police Station in Bengaluru North district."
279,104430002202600017,202600017,2026-05-09,2,2,1,2,1,1,3,2,2026-05-07 12:24:00,2026-05-07 12:24:00,2026-05-09 12:24:00,13.10803,77.61186,"On 2026-05-07, Anand Kamath, a resident of 25, Layout, Peenya, reported that pillion rider snatched the mangalsutra while the complainant was walking on the footpath. The incident occurred within the limits of Yelahanka Police Station in Bengaluru North district."
280,104300011202500006,202500006,2025-03-25,25,11,1,2,3,6,3,6,2025-03-24 04:14:00,2025-03-24 05:14:00,2025-03-25 04:14:00,17.32315,76.8271,"On 2025-03-24, Shwetha Reddy, a resident of 134, Main Road, Kalaburagi City, reported that the complainant was induced to transfer money on the promise of a part-time job. The incident occurred within the limits of Kalaburagi City Police Station in Kalaburagi district."
281,104430005202500022,202500022,2025-01-12,12,5,1,2,2,5,1,2,2025-01-09 17:56:00,2025-01-09 18:56:00,2025-01-12 17:56:00,13.01759,77.58935,"On 2025-01-09, Manjunath Gowda, a resident of 141, Colony, Peenya, reported that a quarrel over a parking dispute escalated and the complainant was assaulted. The incident occurred within the limits of RT Nagar Police Station in Bengaluru North district."
282,804300012202500003,202500003,2025-02-25,28,12,8,2,1,1,1,5,2025-02-25 14:11:00,2025-02-25 14:11:00,2025-02-25 14:11:00,17.54287,76.54662,"On 2025-02-25, Ramesh Gowda, a resident of 41, Cross Road, Kalaburagi City, reported that suspects on a motorcycle without a number plate snatched the chain near a bus stop. The incident occurred within the limits of Aland Police Station in Kalaburagi district."
283,104500007202600008,202600008,2026-01-18,15,7,1,2,2,5,2,3,2026-01-17 21:32:00,2026-01-17 22:32:00,2026-01-18 21:32:00,12.30352,76.65861,"On 2026-01-17, Shivakumar Naik, a resident of 1, Extension, Krishnaraja, reported that a quarrel over a parking dispute escalated and the complainant was assaulted. The incident occurred within the limits of Krishnaraja Police Station in Mysuru district."
284,104430002202400007,202400007,2024-12-21,3,2,1,2,1,1,1,1,2024-12-18 18:29:00,2024-12-18 18:29:00,2024-12-21 18:29:00,13.11209,77.5994,"On 2024-12-18, Savitha Shetty, a resident of 67, Cross Road, Yelahanka, reported that two-wheeler borne suspects snatched the gold chain and fled towards the ring road. The incident occurred within the limits of Yelahanka Police Station in Bengaluru North district."
285,104430003202400008,202400008,2024-10-15,5,3,1,1,4,7,2,1,2024-10-12 15:53:00,2024-10-12 17:53:00,2024-10-15 15:53:00,13.01788,77.59196,"On 2024-10-12, Yusuf Kamath, a resident of 9, Cross Road, RT Nagar, reported that the accused was found in possession of contraband during a vehicle check at a checkpost. The incident occurred within the limits of Hebbal Police Station in Bengaluru North district."
286,104500008202600004,202600004,2026-04-22,20,8,1,2,1,1,3,4,2026-04-20 03:01:00,2026-04-20 06:01:00,2026-04-22 03:01:00,12.13773,76.67017,"On 2026-04-20, Bhavya Achar, a resident of 128, Cross Road, Krishnaraja, reported that pillion rider snatched the mangalsutra while the complainant was walking on the footpath. The incident occurred within the limits of Nanjangud Police Station in Mysuru district."
287,104430004202500022,202500022,2025-08-09,9,4,1,2,3,6,1,2,2025-08-06 10:00:00,2025-08-06 13:00:00,2025-08-09 10:00:00,13.03994,77.53037,"On 2025-08-06, Harish Naik, a resident of 54, Layout, Peenya, reported that payment was collected for goods advertised online which were never delivered. The incident occurred within the limits of Peenya Police Station in Bengaluru North district."
288,104500008202600005,202600005,2026-06-13,20,8,1,2,2,5,1,4,2026-06-12 17:55:00,2026-06-12 19:55:00,2026-06-13 17:55:00,12.12318,76.6656,"On 2026-06-12, Santhosh Naik, a resident of 77, Colony, Nanjangud, reported that the accused caused hurt with a wooden club following a prior enmity. The incident occurred within the limits of Nanjangud Police Station in Mysuru district."
289,104430002202600018,202600018,2026-01-24,3,2,1,1,1,4,2,2,2026-01-23 11:34:00,2026-01-23 12:34:00,2026-01-24 11:34:00,13.11811,77.61309,"On 2026-01-23, Harish Kulkarni, a resident of 1, Main Road, Peenya, reported that an armed group waylaid the complainant on a deserted stretch and robbed the collection amount. The incident occurred within the limits of Yelahanka Police Station in Bengaluru North district."
290,104500009202500015,202500015,2025-12-30,22,9,1,2,1,1,2,4,2025-12-27 22:57:00,2025-12-28 01:57:00,2025-12-30 22:57:00,12.28655,76.29666,"On 2025-12-27, Kiran Naik, a resident of 133, Main Road, Hunsur, reported that pillion rider snatched the mangalsutra while the complainant was walking on the footpath. The incident occurred within the limits of Hunsur Police Station in Mysuru district."
291,104430002202500014,202500014,2025-10-06,3,2,1,2,2,5,1,2,2025-10-06 14:06:00,2025-10-06 17:06:00,2025-10-06 14:06:00,13.12193,77.57932,"On 2025-10-06, Chetan Rao, a resident of 23, Main Road, RT Nagar, reported that a quarrel over a parking dispute escalated and the complainant was assaulted. The incident occurred within the limits of Yelahanka Police Station in Bengaluru North district."
292,104430003202500015,202500015,2025-06-03,5,3,1,2,3,6,1,2,2025-06-02 09:35:00,2025-06-02 12:35:00,2025-06-03 09:35:00,13.05002,77.60601,"On 2025-06-02, Vinay Patil, a resident of 138, Cross Road, RT Nagar, reported that payment was collected for goods advertised online which were never delivered. The incident occurred within the limits of Hebbal Police Station in Bengaluru North district."
293,104500008202400005,202400005,2024-11-13,19,8,1,2,1,1,1,3,2024-11-10 19:59:00,2024-11-10 19:59:00,2024-11-13 19:59:00,12.10853,76.70329,"On 2024-11-10, Vinay Bhat, a resident of 140, Colony, Krishnaraja, reported that suspects on a motorcycle without a number plate snatched the chain near a bus stop. The incident occurred within the limits of Nanjangud Police Station in Mysuru district."
294,104430005202600015,202600015,2026-01-20,13,5,1,1,1,4,2,1,2026-01-20 02:31:00,2026-01-20 05:31:00,2026-01-20 02:31:00,13.00233,77.6104,"On 2026-01-20, Chetan Jadhav, a resident of 83, Layout, Hebbal, reported that an armed group waylaid the complainant on a deserted stretch and robbed the collection amount. The incident occurred within the limits of RT Nagar Police Station in Bengaluru North district."
295,104500009202400006,202400006,2024-08-14,22,9,1,1,1,4,2,3,2024-08-11 10:25:00,2024-08-11 10:25:00,2024-08-14 10:25:00,12.2982,76.31267,"On 2024-08-11, Farhan Desai, a resident of 37, Layout, Krishnaraja, reported that an armed group waylaid the complainant on a deserted stretch and robbed the collection amount. The incident occurred within the limits of Hunsur Police Station in Mysuru district."
296,104430005202400008,202400008,2024-10-21,12,5,1,2,2,5,3,1,2024-10-20 09:40:00,2024-10-20 10:40:00,2024-10-21 09:40:00,13.03613,77.59324,"On 2024-10-20, Lokesh Murthy, a resident of 86, Cross Road, Peenya, reported that the accused caused hurt with a wooden club following a prior enmity. The incident occurred within the limits of RT Nagar Police Station in Bengaluru North district."
297,104430004202400007,202400007,2024-09-07,8,4,1,2,1,1,3,1,2024-09-06 00:28:00,2024-09-06 00:28:00,2024-09-07 00:28:00,13.01608,77.52818,"On 2024-09-06, Rakesh Patil, a resident of 9, Main Road, RT Nagar, reported that pillion rider snatched the mangalsutra while the complainant was walking on the footpath. The incident occurred within the limits of Peenya Police Station in Bengaluru North district."
298,104430002202600019,202600019,2026-05-06,2,2,1,2,1,1,3,1,2026-05-04 05:44:00,2026-05-04 05:44:00,2026-05-06 05:44:00,13.10471,77.57761,"On 2026-05-04, Farhan Desai, a resident of 93, Main Road, Hebbal, reported that suspects on a motorcycle without a number plate snatched the chain near a bus stop. The incident occurred within the limits of Yelahanka Police Station in Bengaluru North district."
299,104500008202600006,202600006,2026-04-10,19,8,1,2,2,5,1,4,2026-04-07 11:24:00,2026-04-07 11:24:00,2026-04-10 11:24:00,12.09899,76.69983,"On 2026-04-07, Roopa Kamath, a resident of 138, Main Road, Krishnaraja, reported that the accused caused hurt with a wooden club following a prior enmity. The incident occurred within the limits of Nanjangud Police Station in Mysuru district."
300,104300012202400004,202400004,2024-08-21,29,12,1,2,1,2,3,6,2024-08-19 02:13:00,2024-08-19 03:13:00,2024-08-21 02:13:00,17.54907,76.57937,"On 2024-08-19, Naveen Rao, a resident of 143, Cross Road, Chittapur, reported that the lock of the main door was broken open while the house was locked and the family was away. The incident occurred within the limits of Aland Police Station in Kalaburagi district."
