fir_id,fir_number,station_id,police_station,district,taluk,crime_type,ipc_sections,severity,registered_date,occurrence_date,occurrence_time,lat,lon,modus_operandi,status,io_officer,summary_text
FIR-0001,001/2024,PS-003,Peenya Police Station,Bengaluru North,Peenya,Cheating / Online Fraud,IPC 420; IPC 66D IT Act,medium,2024-07-06,2024-07-04,12:51:00,13.03342,77.51244,payment was collected for goods advertised online which were never delivered,chargesheeted,PSI Pooja Reddy,"Cheating / Online Fraud reported at Peenya, Bengaluru North on 2024-07-04: payment was collected for goods advertised online which were never delivered."
FIR-0002,002/2024,PS-010,Chittapur Police Station,Kalaburagi,Chittapur,House Burglary,IPC 454; IPC 457; IPC 380,medium,2024-12-17,2024-12-17,03:51:00,17.10733,77.10276,the grill of the ventilator was cut and gold ornaments and cash were taken,under investigation,PSI Pooja Hegde,"House Burglary reported at Chittapur, Kalaburagi on 2024-12-17: the grill of the ventilator was cut and gold ornaments and cash were taken."
FIR-0003,003/2025,PS-007,Hunsur Police Station,Mysuru,Hunsur,Robbery,IPC 392; IPC 397,high,2025-11-03,2025-11-02,05:37:00,12.29577,76.31155,the suspects threatened the complainant with a knife and took cash and a mobile phone,chargesheeted,PSI Kiran Naik,"Robbery reported at Hunsur, Mysuru on 2025-11-02: the suspects threatened the complainant with a knife and took cash and a mobile phone."
FIR-0004,004/2026,PS-010,Chittapur Police Station,Kalaburagi,Chittapur,Robbery,IPC 392; IPC 397,high,2026-03-11,2026-03-10,02:22:00,17.10486,77.06405,an armed group waylaid the complainant on a deserted stretch and robbed the collection amount,chargesheeted,PSI Imran Achar,"Robbery reported at Chittapur, Kalaburagi on 2026-03-10: an armed group waylaid the complainant on a deserted stretch and robbed the collection amount."
FIR-0005,005/2026,PS-004,RT Nagar Police Station,Bengaluru North,RT Nagar,Chain Snatching,IPC 379; IPC 356,medium,2026-04-14,2026-04-14,00:19:00,13.0282,77.59113,pillion rider snatched the mangalsutra while the complainant was walking on the footpath,chargesheeted,PSI Pooja Patil,"Chain Snatching reported at RT Nagar, Bengaluru North on 2026-04-14: pillion rider snatched the mangalsutra while the complainant was walking on the footpath."
FIR-0006,006/2024,PS-004,RT Nagar Police Station,Bengaluru North,RT Nagar,Cheating / Online Fraud,IPC 420; IPC 66D IT Act,medium,2024-12-22,2024-12-20,16:44:00,13.0064,77.57218,the suspect posed as a bank official and obtained the OTP over a phone call,under investigation,PSI Shwetha Achar,"Cheating / Online Fraud reported at RT Nagar, Bengaluru North on 2024-12-20: the suspect posed as a bank official and obtained the OTP over a phone call."
FIR-0007,007/2026,PS-005,Krishnaraja Police Station,Mysuru,Krishnaraja,House Burglary,IPC 454; IPC 457; IPC 380,medium,2026-02-25,2026-02-22,20:16:00,12.28812,76.65969,the grill of the ventilator was cut and gold ornaments and cash were taken,under investigation,PSI Manjunath Reddy,"House Burglary reported at Krishnaraja, Mysuru on 2026-02-22: the grill of the ventilator was cut and gold ornaments and cash were taken."
FIR-0008,008/2025,PS-001,Yelahanka Police Station,Bengaluru North,Yelahanka,Cheating / Online Fraud,IPC 420; IPC 66D IT Act,medium,2025-11-22,2025-11-21,10:20:00,13.09872,77.574,payment was collected for goods advertised online which were never delivered,under investigation,PSI Manjunath Desai,"Cheating / Online Fraud reported at Yelahanka, Bengaluru North on 2025-11-21: payment was collected for goods advertised online which were never delivered."
FIR-0009,009/2025,PS-004,RT Nagar Police Station,Bengaluru North,RT Nagar,Vehicle Theft,IPC 379,low,2025-01-05,2025-01-02,22:40:00,12.99982,77.58969,the vehicle was taken from an unattended parking lot after the steering lock was broken,chargesheeted,PSI Santhosh Kamath,"Vehicle Theft reported at RT Nagar, Bengaluru North on 2025-01-02: the vehicle was taken from an unattended parking lot after the steering lock was broken."
FIR-0010,010/2024,PS-010,Chittapur Police Station,Kalaburagi,Chittapur,Assault / Hurt,IPC 323; IPC 324,low,2024-07-11,2024-07-08,02:56:00,17.1293,77.06932,the accused caused hurt with a wooden club following a prior enmity,chargesheeted,PSI Chetan Bhat,"Assault / Hurt reported at Chittapur, Kalaburagi on 2024-07-08: the accused caused hurt with a wooden club following a prior enmity."
FIR-0011,011/2026,PS-007,Hunsur Police Station,Mysuru,Hunsur,Narcotics (NDPS),NDPS 20; NDPS 22,high,2026-01-14,2026-01-12,01:11:00,12.32223,76.27382,the accused was found in possession of contraband during a vehicle check at a checkpost,chargesheeted,PSI Lakshmi Swamy,"Narcotics (NDPS) reported at Hunsur, Mysuru on 2026-01-12: the accused was found in possession of contraband during a vehicle check at a checkpost."
FIR-0012,012/2025,PS-008,Kalaburagi City Police Station,Kalaburagi,Kalaburagi City,Robbery,IPC 392; IPC 397,high,2025-06-02,2025-06-01,04:33:00,17.32309,76.84124,an armed group waylaid the complainant on a deserted stretch and robbed the collection amount,chargesheeted,PSI Imran Bhat,"Robbery reported at Kalaburagi City, Kalaburagi on 2025-06-01: an armed group waylaid the complainant on a deserted stretch and robbed the collection amount."
FIR-0013,013/2025,PS-008,Kalaburagi City Police Station,Kalaburagi,Kalaburagi City,Cheating / Online Fraud,IPC 420; IPC 66D IT Act,medium,2025-12-13,2025-12-12,08:09:00,17.3261,76.83521,the suspect posed as a bank official and obtained the OTP over a phone call,chargesheeted,PSI Naveen Rao,"Cheating / Online Fraud reported at Kalaburagi City, Kalaburagi on 2025-12-12: the suspect posed as a bank official and obtained the OTP over a phone call."
FIR-0014,014/2026,PS-007,Hunsur Police Station,Mysuru,Hunsur,Vehicle Theft,IPC 379,low,2026-04-19,2026-04-17,06:37:00,12.2846,76.284,the motorcycle parked outside the residence was stolen during the night,under investigation,PSI Harish Murthy,"Vehicle Theft reported at Hunsur, Mysuru on 2026-04-17: the motorcycle parked outside the residence was stolen during the night."
FIR-0015,015/2026,PS-010,Chittapur Police Station,Kalaburagi,Chittapur,Cheating / Online Fraud,IPC 420; IPC 66D IT Act,medium,2026-01-26,2026-01-26,11:57:00,17.1196,77.08457,the complainant was induced to transfer money on the promise of a part-time job,under investigation,PSI Rakesh Pujari,"Cheating / Online Fraud reported at Chittapur, Kalaburagi on 2026-01-26: the complainant was induced to transfer money on the promise of a part-time job."
FIR-0016,016/2026,PS-001,Yelahanka Police Station,Bengaluru North,Yelahanka,House Burglary,IPC 454; IPC 457; IPC 380,medium,2026-02-17,2026-02-15,22:04:00,13.08161,77.61665,the lock of the main door was broken open while the house was locked and the family was away,under investigation,PSI Mahesh Bhat,"House Burglary reported at Yelahanka, Bengaluru North on 2026-02-15: the lock of the main door was broken open while the house was locked and the family was away."
FIR-0017,017/2024,PS-001,Yelahanka Police Station,Bengaluru North,Yelahanka,Robbery,IPC 392; IPC 397,high,2024-08-22,2024-08-22,01:37:00,13.09346,77.57612,an armed group waylaid the complainant on a deserted stretch and robbed the collection amount,under investigation,PSI Santhosh Swamy,"Robbery reported at Yelahanka, Bengaluru North on 2024-08-22: an armed group waylaid the complainant on a deserted stretch and robbed the collection amount."
FIR-0018,018/2025,PS-007,Hunsur Police Station,Mysuru,Hunsur,Assault / Hurt,IPC 323; IPC 324,low,2025-11-15,2025-11-15,16:56:00,12.3221,76.28502,the accused caused hurt with a wooden club following a prior enmity,chargesheeted,PSI Rakesh Swamy,"Assault / Hurt reported at Hunsur, Mysuru on 2025-11-15: the accused caused hurt with a wooden club following a prior enmity."
FIR-0019,019/2026,PS-006,Nanjangud Police Station,Mysuru,Nanjangud,House Burglary,IPC 454; IPC 457; IPC 380,medium,2026-06-06,2026-06-06,01:14:00,12.13977,76.66441,entry was gained through an unsecured rear window and the almirah was ransacked,closed,PSI Naveen Bhat,"House Burglary reported at Nanjangud, Mysuru on 2026-06-06: entry was gained through an unsecured rear window and the almirah was ransacked."
FIR-0020,020/2025,PS-006,Nanjangud Police Station,Mysuru,Nanjangud,Cheating / Online Fraud,IPC 420; IPC 66D IT Act,medium,2025-08-09,2025-08-06,05:48:00,12.12742,76.66946,the complainant was induced to transfer money on the promise of a part-time job,chargesheeted,PSI Imran Prasad,"Cheating / Online Fraud reported at Nanjangud, Mysuru on 2025-08-06: the complainant was induced to transfer money on the promise of a part-time job."
FIR-0021,021/2025,PS-005,Krishnaraja Police Station,Mysuru,Krishnaraja,Narcotics (NDPS),NDPS 20; NDPS 22,high,2025-11-17,2025-11-15,00:50:00,12.31211,76.6512,a tip-off led to the seizure of contraband from a rented room,chargesheeted,PSI Manjunath Swamy,"Narcotics (NDPS) reported at Krishnaraja, Mysuru on 2025-11-15: a tip-off led to the seizure of contraband from a rented room."
FIR-0022,022/2024,PS-010,Chittapur Police Station,Kalaburagi,Chittapur,Vehicle Theft,IPC 379,low,2024-11-28,2024-11-25,15:42:00,17.10025,77.0788,the motorcycle parked outside the residence was stolen during the night,under investigation,PSI Lakshmi Murthy,"Vehicle Theft reported at Chittapur, Kalaburagi on 2024-11-25: the motorcycle parked outside the residence was stolen during the night."
FIR-0023,023/2026,PS-004,RT Nagar Police Station,Bengaluru North,RT Nagar,Assault / Hurt,IPC 323; IPC 324,low,2026-02-28,2026-02-25,02:54:00,13.03165,77.58751,the accused caused hurt with a wooden club following a prior enmity,under investigation,PSI Kavitha Desai,"Assault / Hurt reported at RT Nagar, Bengaluru North on 2026-02-25: the accused caused hurt with a wooden club following a prior enmity."
FIR-0024,024/2025,PS-009,Aland Police Station,Kalaburagi,Aland,Robbery,IPC 392; IPC 397,high,2025-06-15,2025-06-12,14:13:00,17.56686,76.56421,the suspects threatened the complainant with a knife and took cash and a mobile phone,under investigation,PSI Rakesh Murthy,"Robbery reported at Aland, Kalaburagi on 2025-06-12: the suspects threatened the complainant with a knife and took cash and a mobile phone."
FIR-0025,025/2026,PS-001,Yelahanka Police Station,Bengaluru North,Yelahanka,House Burglary,IPC 454; IPC 457; IPC 380,medium,2026-01-10,2026-01-07,18:20:00,13.08635,77.60421,the grill of the ventilator was cut and gold ornaments and cash were taken,chargesheeted,PSI Manjunath Pujari,"House Burglary reported at Yelahanka, Bengaluru North on 2026-01-07: the grill of the ventilator was cut and gold ornaments and cash were taken."
FIR-0026,026/2026,PS-005,Krishnaraja Police Station,Mysuru,Krishnaraja,Chain Snatching,IPC 379; IPC 356,medium,2026-02-08,2026-02-06,16:55:00,12.31946,76.65658,pillion rider snatched the mangalsutra while the complainant was walking on the footpath,under investigation,PSI Girish Patil,"Chain Snatching reported at Krishnaraja, Mysuru on 2026-02-06: pillion rider snatched the mangalsutra while the complainant was walking on the footpath."
FIR-0027,027/2025,PS-001,Yelahanka Police Station,Bengaluru North,Yelahanka,Cheating / Online Fraud,IPC 420; IPC 66D IT Act,medium,2025-06-09,2025-06-06,12:03:00,13.11622,77.59643,the complainant was induced to transfer money on the promise of a part-time job,closed,PSI Farhan Kumar,"Cheating / Online Fraud reported at Yelahanka, Bengaluru North on 2025-06-06: the complainant was induced to transfer money on the promise of a part-time job."
FIR-0028,028/2025,PS-002,Hebbal Police Station,Bengaluru North,Hebbal,Chain Snatching,IPC 379; IPC 356,medium,2025-09-15,2025-09-13,06:42:00,13.01353,77.57963,suspects on a motorcycle without a number plate snatched the chain near a bus stop,chargesheeted,PSI Nagaraj Bhat,"Chain Snatching reported at Hebbal, Bengaluru North on 2025-09-13: suspects on a motorcycle without a number plate snatched the chain near a bus stop."
FIR-0029,029/2025,PS-005,Krishnaraja Police Station,Mysuru,Krishnaraja,Vehicle Theft,IPC 379,low,2025-01-27,2025-01-25,06:49:00,12.31004,76.66838,the motorcycle parked outside the residence was stolen during the night,closed,PSI Pooja Desai,"Vehicle Theft reported at Krishnaraja, Mysuru on 2025-01-25: the motorcycle parked outside the residence was stolen during the night."
FIR-0030,030/2025,PS-010,Chittapur Police Station,Kalaburagi,Chittapur,Vehicle Theft,IPC 379,low,2025-09-09,2025-09-06,02:03:00,17.11381,77.07525,the motorcycle parked outside the residence was stolen during the night,chargesheeted,PSI Santhosh Kamath,"Vehicle Theft reported at Chittapur, Kalaburagi on 2025-09-06: the motorcycle parked outside the residence was stolen during the night."
FIR-0031,031/2024,PS-002,Hebbal Police Station,Bengaluru North,Hebbal,Narcotics (NDPS),NDPS 20; NDPS 22,high,2024-12-25,2024-12-25,17:12:00,13.02545,77.58292,a tip-off led to the seizure of contraband from a rented room,closed,PSI Ananya Shetty,"Narcotics (NDPS) reported at Hebbal, Bengaluru North on 2024-12-25: a tip-off led to the seizure of contraband from a rented room."
FIR-0032,032/2025,PS-001,Yelahanka Police Station,Bengaluru North,Yelahanka,Assault / Hurt,IPC 323; IPC 324,low,2025-09-10,2025-09-10,05:35:00,13.10622,77.58163,the accused caused hurt with a wooden club following a prior enmity,under investigation,PSI Vidya Kamath,"Assault / Hurt reported at Yelahanka, Bengaluru North on 2025-09-10: the accused caused hurt with a wooden club following a prior enmity."
FIR-0033,033/2025,PS-002,Hebbal Police Station,Bengaluru North,Hebbal,Robbery,IPC 392; IPC 397,high,2025-12-30,2025-12-28,05:26:00,13.03155,77.61261,an armed group waylaid the complainant on a deserted stretch and robbed the collection amount,under investigation,PSI Shivakumar Prasad,"Robbery reported at Hebbal, Bengaluru North on 2025-12-28: an armed group waylaid the complainant on a deserted stretch and robbed the collection amount."
FIR-0034,034/2025,PS-005,Krishnaraja Police Station,Mysuru,Krishnaraja,Narcotics (NDPS),NDPS 20; NDPS 22,high,2025-10-20,2025-10-19,19:21:00,12.28602,76.64061,a tip-off led to the seizure of contraband from a rented room,under investigation,PSI Farhan Kamath,"Narcotics (NDPS) reported at Krishnaraja, Mysuru on 2025-10-19: a tip-off led to the seizure of contraband from a rented room."
FIR-0035,035/2025,PS-002,Hebbal Police Station,Bengaluru North,Hebbal,House Burglary,IPC 454; IPC 457; IPC 380,medium,2025-02-07,2025-02-07,17:44:00,13.02794,77.60812,the lock of the main door was broken open while the house was locked and the family was away,chargesheeted,PSI Basavaraj Naik,"House Burglary reported at Hebbal, Bengaluru North on 2025-02-07: the lock of the main door was broken open while the house was locked and the family was away."
FIR-0036,036/2025,PS-002,Hebbal Police Station,Bengaluru North,Hebbal,Robbery,IPC 392; IPC 397,high,2025-08-19,2025-08-17,17:19:00,13.03515,77.60191,an armed group waylaid the complainant on a deserted stretch and robbed the collection amount,closed,PSI Ravi Gowda,"Robbery reported at Hebbal, Bengaluru North on 2025-08-17: an armed group waylaid the complainant on a deserted stretch and robbed the collection amount."
FIR-0037,037/2026,PS-001,Yelahanka Police Station,Bengaluru North,Yelahanka,Chain Snatching,IPC 379; IPC 356,medium,2026-03-20,2026-03-20,00:14:00,13.12049,77.5984,pillion rider snatched the mangalsutra while the complainant was walking on the footpath,chargesheeted,PSI Imran Gowda,"Chain Snatching reported at Yelahanka, Bengaluru North on 2026-03-20: pillion rider snatched the mangalsutra while the complainant was walking on the footpath."
FIR-0038,038/2026,PS-010,Chittapur Police Station,Kalaburagi,Chittapur,Vehicle Theft,IPC 379,low,2026-04-25,2026-04-22,02:20:00,17.1165,77.0986,the vehicle was taken from an unattended parking lot after the steering lock was broken,under investigation,PSI Rakesh Shetty,"Vehicle Theft reported at Chittapur, Kalaburagi on 2026-04-22: the vehicle was taken from an unattended parking lot after the steering lock was broken."
FIR-0039,039/2025,PS-005,Krishnaraja Police Station,Mysuru,Krishnaraja,Vehicle Theft,IPC 379,low,2025-08-09,2025-08-09,08:27:00,12.29146,76.63555,the motorcycle parked outside the residence was stolen during the night,chargesheeted,PSI Bhavya Pujari,"Vehicle Theft reported at Krishnaraja, Mysuru on 2025-08-09: the motorcycle parked outside the residence was stolen during the night."
FIR-0040,040/2025,PS-005,Krishnaraja Police Station,Mysuru,Krishnaraja,Vehicle Theft,IPC 379,low,2025-08-27,2025-08-26,20:38:00,12.31758,76.65571,the motorcycle parked outside the residence was stolen during the night,chargesheeted,PSI Umesh Gowda,"Vehicle Theft reported at Krishnaraja, Mysuru on 2025-08-26: the motorcycle parked outside the residence was stolen during the night."
FIR-0041,041/2024,PS-002,Hebbal Police Station,Bengaluru North,Hebbal,Cheating / Online Fraud,IPC 420; IPC 66D IT Act,medium,2024-09-28,2024-09-28,11:39:00,13.05722,77.58394,the complainant was induced to transfer money on the promise of a part-time job,chargesheeted,PSI Anand Shetty,"Cheating / Online Fraud reported at Hebbal, Bengaluru North on 2024-09-28: the complainant was induced to transfer money on the promise of a part-time job."
FIR-0042,042/2024,PS-002,Hebbal Police Station,Bengaluru North,Hebbal,Assault / Hurt,IPC 323; IPC 324,low,2024-10-26,2024-10-25,04:25:00,13.05685,77.61361,a quarrel over a parking dispute escalated and the complainant was assaulted,chargesheeted,PSI Naveen Gowda,"Assault / Hurt reported at Hebbal, Bengaluru North on 2024-10-25: a quarrel over a parking dispute escalated and the complainant was assaulted."
FIR-0043,043/2025,PS-002,Hebbal Police Station,Bengaluru North,Hebbal,Robbery,IPC 392; IPC 397,high,2025-01-28,2025-01-26,23:36:00,13.0221,77.61379,the suspects threatened the complainant with a knife and took cash and a mobile phone,chargesheeted,PSI Suresh Bhat,"Robbery reported at Hebbal, Bengaluru North on 2025-01-26: the suspects threatened the complainant with a knife and took cash and a mobile phone."
FIR-0044,044/2025,PS-001,Yelahanka Police Station,Bengaluru North,Yelahanka,House Burglary,IPC 454; IPC 457; IPC 380,medium,2025-01-08,2025-01-05,17:21:00,13.10062,77.60573,the grill of the ventilator was cut and gold ornaments and cash were taken,under investigation,PSI Vidya Bhat,"House Burglary reported at Yelahanka, Bengaluru North on 2025-01-05: the grill of the ventilator was cut and gold ornaments and cash were taken."
FIR-0045,045/2025,PS-002,Hebbal Police Station,Bengaluru North,Hebbal,Cheating / Online Fraud,IPC 420; IPC 66D IT Act,medium,2025-09-07,2025-09-06,02:23:00,13.03311,77.59762,the complainant was induced to transfer money on the promise of a part-time job,closed,PSI Girish Prasad,"Cheating / Online Fraud reported at Hebbal, Bengaluru North on 2025-09-06: the complainant was induced to transfer money on the promise of a part-time job."
FIR-0046,046/2026,PS-002,Hebbal Police Station,Bengaluru North,Hebbal,Chain Snatching,IPC 379; IPC 356,medium,2026-03-30,2026-03-27,21:48:00,13.04398,77.61138,suspects on a motorcycle without a number plate snatched the chain near a bus stop,chargesheeted,PSI Nagaraj Kumar,"Chain Snatching reported at Hebbal, Bengaluru North on 2026-03-27: suspects on a motorcycle without a number plate snatched the chain near a bus stop."
FIR-0047,047/2026,PS-001,Yelahanka Police Station,Bengaluru North,Yelahanka,Chain Snatching,IPC 379; IPC 356,medium,2026-02-27,2026-02-24,02:27:00,13.09824,77.58465,suspects on a motorcycle without a number plate snatched the chain near a bus stop,closed,PSI Manjunath Desai,"Chain Snatching reported at Yelahanka, Bengaluru North on 2026-02-24: suspects on a motorcycle without a number plate snatched the chain near a bus stop."
FIR-0048,048/2024,PS-001,Yelahanka Police Station,Bengaluru North,Yelahanka,Cheating / Online Fraud,IPC 420; IPC 66D IT Act,medium,2024-08-06,2024-08-06,07:21:00,13.10762,77.6094,the complainant was induced to transfer money on the promise of a part-time job,chargesheeted,PSI Ravi Swamy,"Cheating / Online Fraud reported at Yelahanka, Bengaluru North on 2024-08-06: the complainant was induced to transfer money on the promise of a part-time job."
FIR-0049,049/2024,PS-008,Kalaburagi City Police Station,Kalaburagi,Kalaburagi City,Assault / Hurt,IPC 323; IPC 324,low,2024-07-29,2024-07-27,10:47:00,17.32967,76.83504,the accused caused hurt with a wooden club following a prior enmity,under investigation,PSI Roopa Achar,"Assault / Hurt reported at Kalaburagi City, Kalaburagi on 2024-07-27: the accused caused hurt with a wooden club following a prior enmity."
FIR-0050,050/2025,PS-003,Peenya Police Station,Bengaluru North,Peenya,Vehicle Theft,IPC 379,low,2025-12-16,2025-12-16,03:14:00,13.04282,77.50148,the vehicle was taken from an unattended parking lot after the steering lock was broken,under investigation,PSI Farhan Kamath,"Vehicle Theft reported at Peenya, Bengaluru North on 2025-12-16: the vehicle was taken from an unattended parking lot after the steering lock was broken."
FIR-0051,051/2024,PS-009,Aland Police Station,Kalaburagi,Aland,Assault / Hurt,IPC 323; IPC 324,low,2024-09-12,2024-09-10,06:58:00,17.55989,76.55812,a quarrel over a parking dispute escalated and the complainant was assaulted,under investigation,PSI Ananya Hegde,"Assault / Hurt reported at Aland, Kalaburagi on 2024-09-10: a quarrel over a parking dispute escalated and the complainant was assaulted."
FIR-0052,052/2024,PS-009,Aland Police Station,Kalaburagi,Aland,Chain Snatching,IPC 379; IPC 356,medium,2024-09-16,2024-09-16,12:32:00,17.5858,76.58975,suspects on a motorcycle without a number plate snatched the chain near a bus stop,chargesheeted,PSI Pooja Murthy,"Chain Snatching reported at Aland, Kalaburagi on 2024-09-16: suspects on a motorcycle without a number plate snatched the chain near a bus stop."
FIR-0053,053/2025,PS-001,Yelahanka Police Station,Bengaluru North,Yelahanka,Assault / Hurt,IPC 323; IPC 324,low,2025-09-13,2025-09-11,23:11:00,13.11503,77.61558,a quarrel over a parking dispute escalated and the complainant was assaulted,chargesheeted,PSI Umesh Hegde,"Assault / Hurt reported at Yelahanka, Bengaluru North on 2025-09-11: a quarrel over a parking dispute escalated and the complainant was assaulted."
FIR-0054,054/2025,PS-001,Yelahanka Police Station,Bengaluru North,Yelahanka,Narcotics (NDPS),NDPS 20; NDPS 22,high,2025-11-24,2025-11-22,09:31:00,13.1058,77.59618,a tip-off led to the seizure of contraband from a rented room,chargesheeted,PSI Yusuf Murthy,"Narcotics (NDPS) reported at Yelahanka, Bengaluru North on 2025-11-22: a tip-off led to the seizure of contraband from a rented room."
FIR-0055,055/2025,PS-002,Hebbal Police Station,Bengaluru North,Hebbal,Chain Snatching,IPC 379; IPC 356,medium,2025-10-23,2025-10-21,05:01:00,13.03923,77.58005,two-wheeler borne suspects snatched the gold chain and fled towards the ring road,under investigation,PSI Imran Achar,"Chain Snatching reported at Hebbal, Bengaluru North on 2025-10-21: two-wheeler borne suspects snatched the gold chain and fled towards the ring road."
FIR-0056,056/2025,PS-004,RT Nagar Police Station,Bengaluru North,RT Nagar,Cheating / Online Fraud,IPC 420; IPC 66D IT Act,medium,2025-10-29,2025-10-28,01:41:00,13.00741,77.57244,the complainant was induced to transfer money on the promise of a part-time job,under investigation,PSI Mahesh Rao,"Cheating / Online Fraud reported at RT Nagar, Bengaluru North on 2025-10-28: the complainant was induced to transfer money on the promise of a part-time job."
FIR-0057,057/2025,PS-004,RT Nagar Police Station,Bengaluru North,RT Nagar,Vehicle Theft,IPC 379,low,2025-08-05,2025-08-02,03:02:00,13.02858,77.6167,the two-wheeler was stolen from outside a commercial complex in broad daylight,closed,PSI Suresh Reddy,"Vehicle Theft reported at RT Nagar, Bengaluru North on 2025-08-02: the two-wheeler was stolen from outside a commercial complex in broad daylight."
FIR-0058,058/2025,PS-007,Hunsur Police Station,Mysuru,Hunsur,Robbery,IPC 392; IPC 397,high,2025-02-16,2025-02-13,21:48:00,12.31097,76.2775,an armed group waylaid the complainant on a deserted stretch and robbed the collection amount,closed,PSI Basavaraj Murthy,"Robbery reported at Hunsur, Mysuru on 2025-02-13: an armed group waylaid the complainant on a deserted stretch and robbed the collection amount."
FIR-0059,059/2026,PS-002,Hebbal Police Station,Bengaluru North,Hebbal,Vehicle Theft,IPC 379,low,2026-06-22,2026-06-22,05:26:00,13.05814,77.57653,the two-wheeler was stolen from outside a commercial complex in broad daylight,chargesheeted,PSI Lokesh Swamy,"Vehicle Theft reported at Hebbal, Bengaluru North on 2026-06-22: the two-wheeler was stolen from outside a commercial complex in broad daylight."
FIR-0060,060/2026,PS-009,Aland Police Station,Kalaburagi,Aland,Robbery,IPC 392; IPC 397,high,2026-02-11,2026-02-10,01:42:00,17.58098,76.57695,an armed group waylaid the complainant on a deserted stretch and robbed the collection amount,under investigation,PSI Deepa Rao,"Robbery reported at Aland, Kalaburagi on 2026-02-10: an armed group waylaid the complainant on a deserted stretch and robbed the collection amount."
FIR-0061,061/2025,PS-010,Chittapur Police Station,Kalaburagi,Chittapur,House Burglary,IPC 454; IPC 457; IPC 380,medium,2025-02-20,2025-02-17,14:16:00,17.1082,77.09348,the lock of the main door was broken open while the house was locked and the family was away,chargesheeted,PSI Imran Kamath,"House Burglary reported at Chittapur, Kalaburagi on 2025-02-17: the lock of the main door was broken open while the house was locked and the family was away."
FIR-0062,062/2025,PS-007,Hunsur Police Station,Mysuru,Hunsur,Cheating / Online Fraud,IPC 420; IPC 66D IT Act,medium,2025-08-02,2025-08-01,14:21:00,12.28489,76.28085,payment was collected for goods advertised online which were never delivered,chargesheeted,PSI Girish Jadhav,"Cheating / Online Fraud reported at Hunsur, Mysuru on 2025-08-01: payment was collected for goods advertised online which were never delivered."
FIR-0063,063/2026,PS-001,Yelahanka Police Station,Bengaluru North,Yelahanka,Chain Snatching,IPC 379; IPC 356,medium,2026-04-08,2026-04-05,13:48:00,13.09229,77.60804,suspects on a motorcycle without a number plate snatched the chain near a bus stop,closed,PSI Harish Swamy,"Chain Snatching reported at Yelahanka, Bengaluru North on 2026-04-05: suspects on a motorcycle without a number plate snatched the chain near a bus stop."
FIR-0064,064/2025,PS-003,Peenya Police Station,Bengaluru North,Peenya,Narcotics (NDPS),NDPS 20; NDPS 22,high,2025-10-10,2025-10-07,10:23:00,13.01392,77.50532,a tip-off led to the seizure of contraband from a rented room,chargesheeted,PSI Naveen Jadhav,"Narcotics (NDPS) reported at Peenya, Bengaluru North on 2025-10-07: a tip-off led to the seizure of contraband from a rented room."
FIR-0065,065/2025,PS-006,Nanjangud Police Station,Mysuru,Nanjangud,Cheating / Online Fraud,IPC 420; IPC 66D IT Act,medium,2025-09-20,2025-09-17,05:06:00,12.1113,76.68197,the complainant was induced to transfer money on the promise of a part-time job,under investigation,PSI Yusuf Bhat,"Cheating / Online Fraud reported at Nanjangud, Mysuru on 2025-09-17: the complainant was induced to transfer money on the promise of a part-time job."
FIR-0066,066/2025,PS-005,Krishnaraja Police Station,Mysuru,Krishnaraja,House Burglary,IPC 454; IPC 457; IPC 380,medium,2025-12-26,2025-12-24,19:58:00,12.32184,76.63486,entry was gained through an unsecured rear window and the almirah was ransacked,closed,PSI Chetan Hegde,"House Burglary reported at Krishnaraja, Mysuru on 2025-12-24: entry was gained through an unsecured rear window and the almirah was ransacked."
FIR-0067,067/2025,PS-010,Chittapur Police Station,Kalaburagi,Chittapur,Chain Snatching,IPC 379; IPC 356,medium,2025-11-17,2025-11-16,06:23:00,17.13223,77.10608,pillion rider snatched the mangalsutra while the complainant was walking on the footpath,under investigation,PSI Bhavya Bhat,"Chain Snatching reported at Chittapur, Kalaburagi on 2025-11-16: pillion rider snatched the mangalsutra while the complainant was walking on the footpath."
FIR-0068,068/2026,PS-002,Hebbal Police Station,Bengaluru North,Hebbal,Cheating / Online Fraud,IPC 420; IPC 66D IT Act,medium,2026-05-03,2026-05-02,09:30:00,13.0442,77.59385,the complainant was induced to transfer money on the promise of a part-time job,chargesheeted,PSI Ramesh Reddy,"Cheating / Online Fraud reported at Hebbal, Bengaluru North on 2026-05-02: the complainant was induced to transfer money on the promise of a part-time job."
FIR-0069,069/2025,PS-003,Peenya Police Station,Bengaluru North,Peenya,Cheating / Online Fraud,IPC 420; IPC 66D IT Act,medium,2025-07-16,2025-07-14,05:38:00,13.05087,77.50023,the suspect posed as a bank official and obtained the OTP over a phone call,under investigation,PSI Anand Kulkarni,"Cheating / Online Fraud reported at Peenya, Bengaluru North on 2025-07-14: the suspect posed as a bank official and obtained the OTP over a phone call."
FIR-0070,070/2025,PS-003,Peenya Police Station,Bengaluru North,Peenya,Robbery,IPC 392; IPC 397,high,2025-12-03,2025-12-02,11:39:00,13.04611,77.53837,an armed group waylaid the complainant on a deserted stretch and robbed the collection amount,under investigation,PSI Santhosh Jadhav,"Robbery reported at Peenya, Bengaluru North on 2025-12-02: an armed group waylaid the complainant on a deserted stretch and robbed the collection amount."
FIR-0071,071/2024,PS-002,Hebbal Police Station,Bengaluru North,Hebbal,Chain Snatching,IPC 379; IPC 356,medium,2024-08-18,2024-08-16,17:49:00,13.03376,77.61541,two-wheeler borne suspects snatched the gold chain and fled towards the ring road,under investigation,PSI Savitha Rao,"Chain Snatching reported at Hebbal, Bengaluru North on 2024-08-16: two-wheeler borne suspects snatched the gold chain and fled towards the ring road."
FIR-0072,072/2025,PS-004,RT Nagar Police Station,Bengaluru North,RT Nagar,Robbery,IPC 392; IPC 397,high,2025-06-15,2025-06-13,05:04:00,13.01808,77.61392,an armed group waylaid the complainant on a deserted stretch and robbed the collection amount,under investigation,PSI Harish Desai,"Robbery reported at RT Nagar, Bengaluru North on 2025-06-13: an armed group waylaid the complainant on a deserted stretch and robbed the collection amount."
FIR-0073,073/2026,PS-001,Yelahanka Police Station,Bengaluru North,Yelahanka,Chain Snatching,IPC 379; IPC 356,medium,2026-03-27,2026-03-27,19:34:00,13.07867,77.5811,two-wheeler borne suspects snatched the gold chain and fled towards the ring road,chargesheeted,PSI Ramesh Achar,"Chain Snatching reported at Yelahanka, Bengaluru North on 2026-03-27: two-wheeler borne suspects snatched the gold chain and fled towards the ring road."
FIR-0074,074/2024,PS-004,RT Nagar Police Station,Bengaluru North,RT Nagar,Cheating / Online Fraud,IPC 420; IPC 66D IT Act,medium,2024-09-06,2024-09-05,16:43:00,13.02293,77.60912,the suspect posed as a bank official and obtained the OTP over a phone call,closed,PSI Pooja Gowda,"Cheating / Online Fraud reported at RT Nagar, Bengaluru North on 2024-09-05: the suspect posed as a bank official and obtained the OTP over a phone call."
FIR-0075,075/2026,PS-005,Krishnaraja Police Station,Mysuru,Krishnaraja,Narcotics (NDPS),NDPS 20; NDPS 22,high,2026-06-30,2026-06-27,14:54:00,12.2835,76.66641,a tip-off led to the seizure of contraband from a rented room,chargesheeted,PSI Ramesh Kulkarni,"Narcotics (NDPS) reported at Krishnaraja, Mysuru on 2026-06-27: a tip-off led to the seizure of contraband from a rented room."
FIR-0076,076/2026,PS-001,Yelahanka Police Station,Bengaluru North,Yelahanka,Robbery,IPC 392; IPC 397,high,2026-03-17,2026-03-14,21:32:00,13.098,77.57998,an armed group waylaid the complainant on a deserted stretch and robbed the collection amount,chargesheeted,PSI Anand Kamath,"Robbery reported at Yelahanka, Bengaluru North on 2026-03-14: an armed group waylaid the complainant on a deserted stretch and robbed the collection amount."
FIR-0077,077/2024,PS-003,Peenya Police Station,Bengaluru North,Peenya,Assault / Hurt,IPC 323; IPC 324,low,2024-07-21,2024-07-18,01:21:00,13.05119,77.53353,the accused caused hurt with a wooden club following a prior enmity,chargesheeted,PSI Ravi Jadhav,"Assault / Hurt reported at Peenya, Bengaluru North on 2024-07-18: the accused caused hurt with a wooden club following a prior enmity."
FIR-0078,078/2025,PS-007,Hunsur Police Station,Mysuru,Hunsur,Vehicle Theft,IPC 379,low,2025-09-08,2025-09-07,05:59:00,12.29665,76.2717,the two-wheeler was stolen from outside a commercial complex in broad daylight,under investigation,PSI Vinay Prasad,"Vehicle Theft reported at Hunsur, Mysuru on 2025-09-07: the two-wheeler was stolen from outside a commercial complex in broad daylight."
FIR-0079,079/2024,PS-005,Krishnaraja Police Station,Mysuru,Krishnaraja,House Burglary,IPC 454; IPC 457; IPC 380,medium,2024-11-03,2024-11-02,14:52:00,12.31175,76.64808,the lock of the main door was broken open while the house was locked and the family was away,under investigation,PSI Naveen Murthy,"House Burglary reported at Krishnaraja, Mysuru on 2024-11-02: the lock of the main door was broken open while the house was locked and the family was away."
FIR-0080,080/2024,PS-010,Chittapur Police Station,Kalaburagi,Chittapur,Chain Snatching,IPC 379; IPC 356,medium,2024-10-23,2024-10-20,12:26:00,17.10831,77.07883,two-wheeler borne suspects snatched the gold chain and fled towards the ring road,under investigation,PSI Manjunath Reddy,"Chain Snatching reported at Chittapur, Kalaburagi on 2024-10-20: two-wheeler borne suspects snatched the gold chain and fled towards the ring road."
FIR-0081,081/2024,PS-004,RT Nagar Police Station,Bengaluru North,RT Nagar,House Burglary,IPC 454; IPC 457; IPC 380,medium,2024-11-05,2024-11-02,12:55:00,13.04217,77.59849,the lock of the main door was broken open while the house was locked and the family was away,chargesheeted,PSI Shivakumar Kumar,"House Burglary reported at RT Nagar, Bengaluru North on 2024-11-02: the lock of the main door was broken open while the house was locked and the family was away."
FIR-0082,082/2025,PS-005,Krishnaraja Police Station,Mysuru,Krishnaraja,Assault / Hurt,IPC 323; IPC 324,low,2025-11-11,2025-11-08,02:29:00,12.28561,76.64661,the accused caused hurt with a wooden club following a prior enmity,chargesheeted,PSI Pooja Murthy,"Assault / Hurt reported at Krishnaraja, Mysuru on 2025-11-08: the accused caused hurt with a wooden club following a prior enmity."
FIR-0083,083/2025,PS-007,Hunsur Police Station,Mysuru,Hunsur,Chain Snatching,IPC 379; IPC 356,medium,2025-10-19,2025-10-18,14:04:00,12.30673,76.29898,suspects on a motorcycle without a number plate snatched the chain near a bus stop,chargesheeted,PSI Savitha Prasad,"Chain Snatching reported at Hunsur, Mysuru on 2025-10-18: suspects on a motorcycle without a number plate snatched the chain near a bus stop."
FIR-0084,084/2025,PS-007,Hunsur Police Station,Mysuru,Hunsur,Cheating / Online Fraud,IPC 420; IPC 66D IT Act,medium,2025-03-17,2025-03-14,08:53:00,12.29988,76.29613,the suspect posed as a bank official and obtained the OTP over a phone call,under investigation,PSI Manjunath Patil,"Cheating / Online Fraud reported at Hunsur, Mysuru on 2025-03-14: the suspect posed as a bank official and obtained the OTP over a phone call."
FIR-0085,085/2026,PS-001,Yelahanka Police Station,Bengaluru North,Yelahanka,Chain Snatching,IPC 379; IPC 356,medium,2026-03-11,2026-03-09,03:47:00,13.08841,77.58476,suspects on a motorcycle without a number plate snatched the chain near a bus stop,chargesheeted,PSI Bhavya Reddy,"Chain Snatching reported at Yelahanka, Bengaluru North on 2026-03-09: suspects on a motorcycle without a number plate snatched the chain near a bus stop."
FIR-0086,086/2025,PS-001,Yelahanka Police Station,Bengaluru North,Yelahanka,Cheating / Online Fraud,IPC 420; IPC 66D IT Act,medium,2025-07-12,2025-07-12,02:04:00,13.10164,77.61543,the suspect posed as a bank official and obtained the OTP over a phone call,under investigation,PSI Harish Naik,"Cheating / Online Fraud reported at Yelahanka, Bengaluru North on 2025-07-12: the suspect posed as a bank official and obtained the OTP over a phone call."
FIR-0087,087/2025,PS-004,RT Nagar Police Station,Bengaluru North,RT Nagar,Robbery,IPC 392; IPC 397,high,2025-08-20,2025-08-19,15:58:00,13.02495,77.58488,an armed group waylaid the complainant on a deserted stretch and robbed the collection amount,chargesheeted,PSI Ravi Reddy,"Robbery reported at RT Nagar, Bengaluru North on 2025-08-19: an armed group waylaid the complainant on a deserted stretch and robbed the collection amount."
FIR-0088,088/2026,PS-009,Aland Police Station,Kalaburagi,Aland,Assault / Hurt,IPC 323; IPC 324,low,2026-03-16,2026-03-14,23:35:00,17.55005,76.57015,the accused caused hurt with a wooden club following a prior enmity,under investigation,PSI Manjunath Kamath,"Assault / Hurt reported at Aland, Kalaburagi on 2026-03-14: the accused caused hurt with a wooden club following a prior enmity."
FIR-0089,089/2025,PS-009,Aland Police Station,Kalaburagi,Aland,Chain Snatching,IPC 379; IPC 356,medium,2025-07-25,2025-07-24,21:43:00,17.56876,76.55943,two-wheeler borne suspects snatched the gold chain and fled towards the ring road,chargesheeted,PSI Lakshmi Patil,"Chain Snatching reported at Aland, Kalaburagi on 2025-07-24: two-wheeler borne suspects snatched the gold chain and fled towards the ring road."
FIR-0090,090/2025,PS-005,Krishnaraja Police Station,Mysuru,Krishnaraja,Assault / Hurt,IPC 323; IPC 324,low,2025-04-13,2025-04-11,08:08:00,12.3091,76.64173,the accused caused hurt with a wooden club following a prior enmity,closed,PSI Suresh Naik,"Assault / Hurt reported at Krishnaraja, Mysuru on 2025-04-11: the accused caused hurt with a wooden club following a prior enmity."
FIR-0091,091/2024,PS-001,Yelahanka Police Station,Bengaluru North,Yelahanka,Chain Snatching,IPC 379; IPC 356,medium,2024-11-13,2024-11-12,18:34:00,13.08588,77.60814,suspects on a motorcycle without a number plate snatched the chain near a bus stop,chargesheeted,PSI Ramesh Hegde,"Chain Snatching reported at Yelahanka, Bengaluru North on 2024-11-12: suspects on a motorcycle without a number plate snatched the chain near a bus stop."
FIR-0092,092/2025,PS-004,RT Nagar Police Station,Bengaluru North,RT Nagar,Chain Snatching,IPC 379; IPC 356,medium,2025-03-01,2025-02-28,23:09:00,13.0071,77.59149,pillion rider snatched the mangalsutra while the complainant was walking on the footpath,chargesheeted,PSI Vinay Patil,"Chain Snatching reported at RT Nagar, Bengaluru North on 2025-02-28: pillion rider snatched the mangalsutra while the complainant was walking on the footpath."
FIR-0093,093/2025,PS-006,Nanjangud Police Station,Mysuru,Nanjangud,Chain Snatching,IPC 379; IPC 356,medium,2025-03-09,2025-03-06,02:05:00,12.10851,76.67344,pillion rider snatched the mangalsutra while the complainant was walking on the footpath,chargesheeted,PSI Prakash Desai,"Chain Snatching reported at Nanjangud, Mysuru on 2025-03-06: pillion rider snatched the mangalsutra while the complainant was walking on the footpath."
FIR-0094,094/2024,PS-010,Chittapur Police Station,Kalaburagi,Chittapur,Assault / Hurt,IPC 323; IPC 324,low,2024-11-14,2024-11-11,01:39:00,17.11163,77.10166,a quarrel over a parking dispute escalated and the complainant was assaulted,under investigation,PSI Yusuf Kulkarni,"Assault / Hurt reported at Chittapur, Kalaburagi on 2024-11-11: a quarrel over a parking dispute escalated and the complainant was assaulted."
FIR-0095,095/2024,PS-003,Peenya Police Station,Bengaluru North,Peenya,Cheating / Online Fraud,IPC 420; IPC 66D IT Act,medium,2024-11-10,2024-11-10,00:10:00,13.04682,77.53358,the suspect posed as a bank official and obtained the OTP over a phone call,closed,PSI Vinay Swamy,"Cheating / Online Fraud reported at Peenya, Bengaluru North on 2024-11-10: the suspect posed as a bank official and obtained the OTP over a phone call."
FIR-0096,096/2025,PS-002,Hebbal Police Station,Bengaluru North,Hebbal,Assault / Hurt,IPC 323; IPC 324,low,2025-01-19,2025-01-16,16:55:00,13.05665,77.60981,a quarrel over a parking dispute escalated and the complainant was assaulted,under investigation,PSI Girish Gowda,"Assault / Hurt reported at Hebbal, Bengaluru North on 2025-01-16: a quarrel over a parking dispute escalated and the complainant was assaulted."
FIR-0097,097/2025,PS-006,Nanjangud Police Station,Mysuru,Nanjangud,House Burglary,IPC 454; IPC 457; IPC 380,medium,2025-02-20,2025-02-19,00:31:00,12.13831,76.70199,the lock of the main door was broken open while the house was locked and the family was away,chargesheeted,PSI Shwetha Kumar,"House Burglary reported at Nanjangud, Mysuru on 2025-02-19: the lock of the main door was broken open while the house was locked and the family was away."
FIR-0098,098/2026,PS-008,Kalaburagi City Police Station,Kalaburagi,Kalaburagi City,Robbery,IPC 392; IPC 397,high,2026-06-30,2026-06-27,09:41:00,17.32259,76.8514,an armed group waylaid the complainant on a deserted stretch and robbed the collection amount,under investigation,PSI Savitha Pujari,"Robbery reported at Kalaburagi City, Kalaburagi on 2026-06-27: an armed group waylaid the complainant on a deserted stretch and robbed the collection amount."
FIR-0099,099/2026,PS-010,Chittapur Police Station,Kalaburagi,Chittapur,Vehicle Theft,IPC 379,low,2026-03-18,2026-03-15,23:27:00,17.12596,77.09759,the vehicle was taken from an unattended parking lot after the steering lock was broken,closed,PSI Deepa Gowda,"Vehicle Theft reported at Chittapur, Kalaburagi on 2026-03-15: the vehicle was taken from an unattended parking lot after the steering lock was broken."
FIR-0100,100/2025,PS-009,Aland Police Station,Kalaburagi,Aland,Assault / Hurt,IPC 323; IPC 324,low,2025-02-22,2025-02-20,03:02:00,17.57796,76.57997,a quarrel over a parking dispute escalated and the complainant was assaulted,under investigation,PSI Roopa Bhat,"Assault / Hurt reported at Aland, Kalaburagi on 2025-02-20: a quarrel over a parking dispute escalated and the complainant was assaulted."
FIR-0101,101/2026,PS-001,Yelahanka Police Station,Bengaluru North,Yelahanka,Vehicle Theft,IPC 379,low,2026-05-15,2026-05-13,16:32:00,13.10671,77.596,the motorcycle parked outside the residence was stolen during the night,chargesheeted,PSI Anand Murthy,"Vehicle Theft reported at Yelahanka, Bengaluru North on 2026-05-13: the motorcycle parked outside the residence was stolen during the night."
FIR-0102,102/2026,PS-001,Yelahanka Police Station,Bengaluru North,Yelahanka,Vehicle Theft,IPC 379,low,2026-01-10,2026-01-07,02:14:00,13.08414,77.61418,the vehicle was taken from an unattended parking lot after the steering lock was broken,under investigation,PSI Deepa Kumar,"Vehicle Theft reported at Yelahanka, Bengaluru North on 2026-01-07: the vehicle was taken from an unattended parking lot after the steering lock was broken."
FIR-0103,103/2024,PS-010,Chittapur Police Station,Kalaburagi,Chittapur,Cheating / Online Fraud,IPC 420; IPC 66D IT Act,medium,2024-09-03,2024-09-02,18:24:00,17.11122,77.07339,the suspect posed as a bank official and obtained the OTP over a phone call,chargesheeted,PSI Suresh Patil,"Cheating / Online Fraud reported at Chittapur, Kalaburagi on 2024-09-02: the suspect posed as a bank official and obtained the OTP over a phone call."
FIR-0104,104/2025,PS-009,Aland Police Station,Kalaburagi,Aland,Robbery,IPC 392; IPC 397,high,2025-04-03,2025-04-03,19:08:00,17.58421,76.58835,an armed group waylaid the complainant on a deserted stretch and robbed the collection amount,chargesheeted,PSI Yusuf Kulkarni,"Robbery reported at Aland, Kalaburagi on 2025-04-03: an armed group waylaid the complainant on a deserted stretch and robbed the collection amount."
FIR-0105,105/2025,PS-008,Kalaburagi City Police Station,Kalaburagi,Kalaburagi City,House Burglary,IPC 454; IPC 457; IPC 380,medium,2025-12-28,2025-12-28,05:37:00,17.32528,76.82685,the grill of the ventilator was cut and gold ornaments and cash were taken,chargesheeted,PSI Kiran Kumar,"House Burglary reported at Kalaburagi City, Kalaburagi on 2025-12-28: the grill of the ventilator was cut and gold ornaments and cash were taken."
FIR-0106,106/2024,PS-004,RT Nagar Police Station,Bengaluru North,RT Nagar,Vehicle Theft,IPC 379,low,2024-07-16,2024-07-14,07:52:00,13.02128,77.59489,the vehicle was taken from an unattended parking lot after the steering lock was broken,under investigation,PSI Pooja Rao,"Vehicle Theft reported at RT Nagar, Bengaluru North on 2024-07-14: the vehicle was taken from an unattended parking lot after the steering lock was broken."
FIR-0107,107/2025,PS-010,Chittapur Police Station,Kalaburagi,Chittapur,House Burglary,IPC 454; IPC 457; IPC 380,medium,2025-04-20,2025-04-19,23:18:00,17.11264,77.08735,the grill of the ventilator was cut and gold ornaments and cash were taken,under investigation,PSI Mahesh Prasad,"House Burglary reported at Chittapur, Kalaburagi on 2025-04-19: the grill of the ventilator was cut and gold ornaments and cash were taken."
FIR-0108,108/2026,PS-009,Aland Police Station,Kalaburagi,Aland,Vehicle Theft,IPC 379,low,2026-01-27,2026-01-26,05:40:00,17.57227,76.55535,the vehicle was taken from an unattended parking lot after the steering lock was broken,chargesheeted,PSI Lokesh Murthy,"Vehicle Theft reported at Aland, Kalaburagi on 2026-01-26: the vehicle was taken from an unattended parking lot after the steering lock was broken."
FIR-0109,109/2024,PS-010,Chittapur Police Station,Kalaburagi,Chittapur,House Burglary,IPC 454; IPC 457; IPC 380,medium,2024-09-04,2024-09-01,22:31:00,17.10516,77.10478,entry was gained through an unsecured rear window and the almirah was ransacked,closed,PSI Vidya Swamy,"House Burglary reported at Chittapur, Kalaburagi on 2024-09-01: entry was gained through an unsecured rear window and the almirah was ransacked."
FIR-0110,110/2026,PS-008,Kalaburagi City Police Station,Kalaburagi,Kalaburagi City,Robbery,IPC 392; IPC 397,high,2026-05-16,2026-05-15,20:48:00,17.33783,76.85567,an armed group waylaid the complainant on a deserted stretch and robbed the collection amount,chargesheeted,PSI Imran Rao,"Robbery reported at Kalaburagi City, Kalaburagi on 2026-05-15: an armed group waylaid the complainant on a deserted stretch and robbed the collection amount."
FIR-0111,111/2025,PS-002,Hebbal Police Station,Bengaluru North,Hebbal,Robbery,IPC 392; IPC 397,high,2025-08-17,2025-08-14,06:36:00,13.03938,77.58986,an armed group waylaid the complainant on a deserted stretch and robbed the collection amount,chargesheeted,PSI Shivakumar Bhat,"Robbery reported at Hebbal, Bengaluru North on 2025-08-14: an armed group waylaid the complainant on a deserted stretch and robbed the collection amount."
FIR-0112,112/2026,PS-001,Yelahanka Police Station,Bengaluru North,Yelahanka,Chain Snatching,IPC 379; IPC 356,medium,2026-02-05,2026-02-02,08:49:00,13.10838,77.59731,two-wheeler borne suspects snatched the gold chain and fled towards the ring road,under investigation,PSI Rakesh Jadhav,"Chain Snatching reported at Yelahanka, Bengaluru North on 2026-02-02: two-wheeler borne suspects snatched the gold chain and fled towards the ring road."
FIR-0113,113/2025,PS-004,RT Nagar Police Station,Bengaluru North,RT Nagar,Vehicle Theft,IPC 379,low,2025-11-21,2025-11-19,12:49:00,13.02647,77.59492,the motorcycle parked outside the residence was stolen during the night,under investigation,PSI Suresh Bhat,"Vehicle Theft reported at RT Nagar, Bengaluru North on 2025-11-19: the motorcycle parked outside the residence was stolen during the night."
FIR-0114,114/2024,PS-004,RT Nagar Police Station,Bengaluru North,RT Nagar,Assault / Hurt,IPC 323; IPC 324,low,2024-07-17,2024-07-17,15:11:00,13.01052,77.58402,a quarrel over a parking dispute escalated and the complainant was assaulted,under investigation,PSI Basavaraj Hegde,"Assault / Hurt reported at RT Nagar, Bengaluru North on 2024-07-17: a quarrel over a parking dispute escalated and the complainant was assaulted."
FIR-0115,115/2025,PS-006,Nanjangud Police Station,Mysuru,Nanjangud,House Burglary,IPC 454; IPC 457; IPC 380,medium,2025-07-23,2025-07-20,03:05:00,12.13927,76.68237,the lock of the main door was broken open while the house was locked and the family was away,chargesheeted,PSI Lokesh Reddy,"House Burglary reported at Nanjangud, Mysuru on 2025-07-20: the lock of the main door was broken open while the house was locked and the family was away."
FIR-0116,116/2024,PS-003,Peenya Police Station,Bengaluru North,Peenya,Cheating / Online Fraud,IPC 420; IPC 66D IT Act,medium,2024-11-15,2024-11-14,17:49:00,13.01879,77.50625,the suspect posed as a bank official and obtained the OTP over a phone call,under investigation,PSI Imran Rao,"Cheating / Online Fraud reported at Peenya, Bengaluru North on 2024-11-14: the suspect posed as a bank official and obtained the OTP over a phone call."
FIR-0117,117/2024,PS-009,Aland Police Station,Kalaburagi,Aland,Robbery,IPC 392; IPC 397,high,2024-12-29,2024-12-28,12:46:00,17.57322,76.57626,the suspects threatened the complainant with a knife and took cash and a mobile phone,under investigation,PSI Suresh Rao,"Robbery reported at Aland, Kalaburagi on 2024-12-28: the suspects threatened the complainant with a knife and took cash and a mobile phone."
FIR-0118,118/2025,PS-002,Hebbal Police Station,Bengaluru North,Hebbal,Cheating / Online Fraud,IPC 420; IPC 66D IT Act,medium,2025-12-25,2025-12-24,21:44:00,13.03613,77.58384,the complainant was induced to transfer money on the promise of a part-time job,under investigation,PSI Basavaraj Reddy,"Cheating / Online Fraud reported at Hebbal, Bengaluru North on 2025-12-24: the complainant was induced to transfer money on the promise of a part-time job."
FIR-0119,119/2024,PS-007,Hunsur Police Station,Mysuru,Hunsur,Chain Snatching,IPC 379; IPC 356,medium,2024-10-11,2024-10-09,18:03:00,12.31499,76.29758,suspects on a motorcycle without a number plate snatched the chain near a bus stop,chargesheeted,PSI Naveen Patil,"Chain Snatching reported at Hunsur, Mysuru on 2024-10-09: suspects on a motorcycle without a number plate snatched the chain near a bus stop."
FIR-0120,120/2026,PS-010,Chittapur Police Station,Kalaburagi,Chittapur,Cheating / Online Fraud,IPC 420; IPC 66D IT Act,medium,2026-05-05,2026-05-03,10:19:00,17.13066,77.07204,the suspect posed as a bank official and obtained the OTP over a phone call,chargesheeted,PSI Anand Kulkarni,"Cheating / Online Fraud reported at Chittapur, Kalaburagi on 2026-05-03: the suspect posed as a bank official and obtained the OTP over a phone call."
FIR-0121,121/2025,PS-006,Nanjangud Police Station,Mysuru,Nanjangud,Assault / Hurt,IPC 323; IPC 324,low,2025-07-22,2025-07-21,11:51:00,12.12966,76.70033,the accused caused hurt with a wooden club following a prior enmity,under investigation,PSI Harish Achar,"Assault / Hurt reported at Nanjangud, Mysuru on 2025-07-21: the accused caused hurt with a wooden club following a prior enmity."
FIR-0122,122/2024,PS-005,Krishnaraja Police Station,Mysuru,Krishnaraja,Cheating / Online Fraud,IPC 420; IPC 66D IT Act,medium,2024-07-22,2024-07-19,09:22:00,12.29125,76.65188,payment was collected for goods advertised online which were never delivered,chargesheeted,PSI Basavaraj Kumar,"Cheating / Online Fraud reported at Krishnaraja, Mysuru on 2024-07-19: payment was collected for goods advertised online which were never delivered."
FIR-0123,123/2024,PS-003,Peenya Police Station,Bengaluru North,Peenya,Narcotics (NDPS),NDPS 20; NDPS 22,high,2024-09-19,2024-09-16,17:49:00,13.0079,77.53592,the accused was found in possession of contraband during a vehicle check at a checkpost,chargesheeted,PSI Mahesh Gowda,"Narcotics (NDPS) reported at Peenya, Bengaluru North on 2024-09-16: the accused was found in possession of contraband during a vehicle check at a checkpost."
FIR-0124,124/2025,PS-004,RT Nagar Police Station,Bengaluru North,RT Nagar,Chain Snatching,IPC 379; IPC 356,medium,2025-08-27,2025-08-26,18:04:00,13.0303,77.5928,suspects on a motorcycle without a number plate snatched the chain near a bus stop,chargesheeted,PSI Ramesh Rao,"Chain Snatching reported at RT Nagar, Bengaluru North on 2025-08-26: suspects on a motorcycle without a number plate snatched the chain near a bus stop."
FIR-0125,125/2024,PS-007,Hunsur Police Station,Mysuru,Hunsur,House Burglary,IPC 454; IPC 457; IPC 380,medium,2024-07-07,2024-07-04,18:52:00,12.29702,76.30286,entry was gained through an unsecured rear window and the almirah was ransacked,under investigation,PSI Naveen Prasad,"House Burglary reported at Hunsur, Mysuru on 2024-07-04: entry was gained through an unsecured rear window and the almirah was ransacked."
FIR-0126,126/2025,PS-003,Peenya Police Station,Bengaluru North,Peenya,Chain Snatching,IPC 379; IPC 356,medium,2025-07-03,2025-07-01,10:51:00,13.01034,77.522,two-wheeler borne suspects snatched the gold chain and fled towards the ring road,closed,PSI Vidya Jadhav,"Chain Snatching reported at Peenya, Bengaluru North on 2025-07-01: two-wheeler borne suspects snatched the gold chain and fled towards the ring road."
FIR-0127,127/2026,PS-008,Kalaburagi City Police Station,Kalaburagi,Kalaburagi City,House Burglary,IPC 454; IPC 457; IPC 380,medium,2026-05-11,2026-05-09,11:04:00,17.34467,76.82617,entry was gained through an unsecured rear window and the almirah was ransacked,under investigation,PSI Roopa Murthy,"House Burglary reported at Kalaburagi City, Kalaburagi on 2026-05-09: entry was gained through an unsecured rear window and the almirah was ransacked."
FIR-0128,128/2025,PS-003,Peenya Police Station,Bengaluru North,Peenya,Assault / Hurt,IPC 323; IPC 324,low,2025-01-18,2025-01-15,21:51:00,13.03548,77.5121,a quarrel over a parking dispute escalated and the complainant was assaulted,under investigation,PSI Shivakumar Bhat,"Assault / Hurt reported at Peenya, Bengaluru North on 2025-01-15: a quarrel over a parking dispute escalated and the complainant was assaulted."
FIR-0129,129/2025,PS-001,Yelahanka Police Station,Bengaluru North,Yelahanka,Narcotics (NDPS),NDPS 20; NDPS 22,high,2025-03-25,2025-03-22,11:14:00,13.10664,77.61197,a tip-off led to the seizure of contraband from a rented room,under investigation,PSI Bhavya Jadhav,"Narcotics (NDPS) reported at Yelahanka, Bengaluru North on 2025-03-22: a tip-off led to the seizure of contraband from a rented room."
FIR-0130,130/2025,PS-003,Peenya Police Station,Bengaluru North,Peenya,Narcotics (NDPS),NDPS 20; NDPS 22,high,2025-04-24,2025-04-22,22:33:00,13.03987,77.53273,the accused was found in possession of contraband during a vehicle check at a checkpost,chargesheeted,PSI Shivakumar Gowda,"Narcotics (NDPS) reported at Peenya, Bengaluru North on 2025-04-22: the accused was found in possession of contraband during a vehicle check at a checkpost."
FIR-0131,131/2025,PS-010,Chittapur Police Station,Kalaburagi,Chittapur,House Burglary,IPC 454; IPC 457; IPC 380,medium,2025-11-12,2025-11-11,05:20:00,17.12287,77.10466,entry was gained through an unsecured rear window and the almirah was ransacked,chargesheeted,PSI Deepa Pujari,"House Burglary reported at Chittapur, Kalaburagi on 2025-11-11: entry was gained through an unsecured rear window and the almirah was ransacked."
FIR-0132,132/2024,PS-003,Peenya Police Station,Bengaluru North,Peenya,Robbery,IPC 392; IPC 397,high,2024-07-23,2024-07-22,14:59:00,13.04543,77.53972,an armed group waylaid the complainant on a deserted stretch and robbed the collection amount,closed,PSI Basavaraj Kulkarni,"Robbery reported at Peenya, Bengaluru North on 2024-07-22: an armed group waylaid the complainant on a deserted stretch and robbed the collection amount."
FIR-0133,133/2024,PS-009,Aland Police Station,Kalaburagi,Aland,Assault / Hurt,IPC 323; IPC 324,low,2024-07-20,2024-07-19,13:13:00,17.54621,76.58797,the accused caused hurt with a wooden club following a prior enmity,closed,PSI Farhan Kumar,"Assault / Hurt reported at Aland, Kalaburagi on 2024-07-19: the accused caused hurt with a wooden club following a prior enmity."
FIR-0134,134/2026,PS-001,Yelahanka Police Station,Bengaluru North,Yelahanka,Chain Snatching,IPC 379; IPC 356,medium,2026-05-12,2026-05-11,23:54:00,13.11283,77.58066,two-wheeler borne suspects snatched the gold chain and fled towards the ring road,chargesheeted,PSI Santhosh Rao,"Chain Snatching reported at Yelahanka, Bengaluru North on 2026-05-11: two-wheeler borne suspects snatched the gold chain and fled towards the ring road."
FIR-0135,135/2025,PS-010,Chittapur Police Station,Kalaburagi,Chittapur,Chain Snatching,IPC 379; IPC 356,medium,2025-02-13,2025-02-10,05:38:00,17.12424,77.07893,suspects on a motorcycle without a number plate snatched the chain near a bus stop,chargesheeted,PSI Shwetha Desai,"Chain Snatching reported at Chittapur, Kalaburagi on 2025-02-10: suspects on a motorcycle without a number plate snatched the chain near a bus stop."
FIR-0136,136/2024,PS-006,Nanjangud Police Station,Mysuru,Nanjangud,House Burglary,IPC 454; IPC 457; IPC 380,medium,2024-10-26,2024-10-25,18:38:00,12.12835,76.66726,entry was gained through an unsecured rear window and the almirah was ransacked,chargesheeted,PSI Manjunath Shetty,"House Burglary reported at Nanjangud, Mysuru on 2024-10-25: entry was gained through an unsecured rear window and the almirah was ransacked."
FIR-0137,137/2025,PS-009,Aland Police Station,Kalaburagi,Aland,House Burglary,IPC 454; IPC 457; IPC 380,medium,2025-01-20,2025-01-18,16:15:00,17.55227,76.57521,entry was gained through an unsecured rear window and the almirah was ransacked,under investigation,PSI Kiran Desai,"House Burglary reported at Aland, Kalaburagi on 2025-01-18: entry was gained through an unsecured rear window and the almirah was ransacked."
FIR-0138,138/2025,PS-010,Chittapur Police Station,Kalaburagi,Chittapur,Robbery,IPC 392; IPC 397,high,2025-08-27,2025-08-27,10:24:00,17.11369,77.1017,an armed group waylaid the complainant on a deserted stretch and robbed the collection amount,closed,PSI Shivakumar Achar,"Robbery reported at Chittapur, Kalaburagi on 2025-08-27: an armed group waylaid the complainant on a deserted stretch and robbed the collection amount."
FIR-0139,139/2025,PS-004,RT Nagar Police Station,Bengaluru North,RT Nagar,Assault / Hurt,IPC 323; IPC 324,low,2025-01-06,2025-01-03,13:18:00,12.99825,77.5867,a quarrel over a parking dispute escalated and the complainant was assaulted,closed,PSI Mahesh Murthy,"Assault / Hurt reported at RT Nagar, Bengaluru North on 2025-01-03: a quarrel over a parking dispute escalated and the complainant was assaulted."
FIR-0140,140/2026,PS-006,Nanjangud Police Station,Mysuru,Nanjangud,Cheating / Online Fraud,IPC 420; IPC 66D IT Act,medium,2026-05-20,2026-05-17,06:50:00,12.10535,76.69428,the suspect posed as a bank official and obtained the OTP over a phone call,under investigation,PSI Vinay Prasad,"Cheating / Online Fraud reported at Nanjangud, Mysuru on 2026-05-17: the suspect posed as a bank official and obtained the OTP over a phone call."
FIR-0141,141/2024,PS-003,Peenya Police Station,Bengaluru North,Peenya,Cheating / Online Fraud,IPC 420; IPC 66D IT Act,medium,2024-10-15,2024-10-13,13:02:00,13.02416,77.52648,the complainant was induced to transfer money on the promise of a part-time job,under investigation,PSI Shwetha Kulkarni,"Cheating / Online Fraud reported at Peenya, Bengaluru North on 2024-10-13: the complainant was induced to transfer money on the promise of a part-time job."
FIR-0142,142/2024,PS-003,Peenya Police Station,Bengaluru North,Peenya,Assault / Hurt,IPC 323; IPC 324,low,2024-12-17,2024-12-15,04:29:00,13.01486,77.53322,the accused caused hurt with a wooden club following a prior enmity,chargesheeted,PSI Harish Jadhav,"Assault / Hurt reported at Peenya, Bengaluru North on 2024-12-15: the accused caused hurt with a wooden club following a prior enmity."
FIR-0143,143/2026,PS-010,Chittapur Police Station,Kalaburagi,Chittapur,Chain Snatching,IPC 379; IPC 356,medium,2026-02-25,2026-02-23,15:20:00,17.12907,77.07009,pillion rider snatched the mangalsutra while the complainant was walking on the footpath,under investigation,PSI Bhavya Shetty,"Chain Snatching reported at Chittapur, Kalaburagi on 2026-02-23: pillion rider snatched the mangalsutra while the complainant was walking on the footpath."
FIR-0144,144/2025,PS-010,Chittapur Police Station,Kalaburagi,Chittapur,Robbery,IPC 392; IPC 397,high,2025-05-28,2025-05-27,22:59:00,17.13421,77.07106,the suspects threatened the complainant with a knife and took cash and a mobile phone,closed,PSI Rakesh Kamath,"Robbery reported at Chittapur, Kalaburagi on 2025-05-27: the suspects threatened the complainant with a knife and took cash and a mobile phone."
FIR-0145,145/2025,PS-010,Chittapur Police Station,Kalaburagi,Chittapur,Assault / Hurt,IPC 323; IPC 324,low,2025-12-14,2025-12-14,19:46:00,17.10083,77.06322,the accused caused hurt with a wooden club following a prior enmity,chargesheeted,PSI Farhan Swamy,"Assault / Hurt reported at Chittapur, Kalaburagi on 2025-12-14: the accused caused hurt with a wooden club following a prior enmity."
FIR-0146,146/2026,PS-003,Peenya Police Station,Bengaluru North,Peenya,House Burglary,IPC 454; IPC 457; IPC 380,medium,2026-02-07,2026-02-07,13:50:00,13.02517,77.52757,the grill of the ventilator was cut and gold ornaments and cash were taken,under investigation,PSI Naveen Prasad,"House Burglary reported at Peenya, Bengaluru North on 2026-02-07: the grill of the ventilator was cut and gold ornaments and cash were taken."
FIR-0147,147/2025,PS-002,Hebbal Police Station,Bengaluru North,Hebbal,Narcotics (NDPS),NDPS 20; NDPS 22,high,2025-04-08,2025-04-06,11:08:00,13.02321,77.58494,the accused was found in possession of contraband during a vehicle check at a checkpost,closed,PSI Harish Hegde,"Narcotics (NDPS) reported at Hebbal, Bengaluru North on 2025-04-06: the accused was found in possession of contraband during a vehicle check at a checkpost."
FIR-0148,148/2025,PS-001,Yelahanka Police Station,Bengaluru North,Yelahanka,Cheating / Online Fraud,IPC 420; IPC 66D IT Act,medium,2025-09-12,2025-09-10,09:59:00,13.08322,77.59403,payment was collected for goods advertised online which were never delivered,closed,PSI Roopa Prasad,"Cheating / Online Fraud reported at Yelahanka, Bengaluru North on 2025-09-10: payment was collected for goods advertised online which were never delivered."
FIR-0149,149/2025,PS-001,Yelahanka Police Station,Bengaluru North,Yelahanka,House Burglary,IPC 454; IPC 457; IPC 380,medium,2025-11-26,2025-11-24,15:31:00,13.09432,77.59999,the lock of the main door was broken open while the house was locked and the family was away,under investigation,PSI Savitha Gowda,"House Burglary reported at Yelahanka, Bengaluru North on 2025-11-24: the lock of the main door was broken open while the house was locked and the family was away."
FIR-0150,150/2025,PS-003,Peenya Police Station,Bengaluru North,Peenya,Cheating / Online Fraud,IPC 420; IPC 66D IT Act,medium,2025-12-17,2025-12-14,13:38:00,13.0497,77.51696,the suspect posed as a bank official and obtained the OTP over a phone call,chargesheeted,PSI Prakash Prasad,"Cheating / Online Fraud reported at Peenya, Bengaluru North on 2025-12-14: the suspect posed as a bank official and obtained the OTP over a phone call."
FIR-0151,151/2025,PS-004,RT Nagar Police Station,Bengaluru North,RT Nagar,Narcotics (NDPS),NDPS 20; NDPS 22,high,2025-11-04,2025-11-02,02:57:00,13.02783,77.60788,a tip-off led to the seizure of contraband from a rented room,closed,PSI Nagaraj Shetty,"Narcotics (NDPS) reported at RT Nagar, Bengaluru North on 2025-11-02: a tip-off led to the seizure of contraband from a rented room."
FIR-0152,152/2025,PS-004,RT Nagar Police Station,Bengaluru North,RT Nagar,Assault / Hurt,IPC 323; IPC 324,low,2025-01-27,2025-01-26,05:54:00,13.00197,77.61162,a quarrel over a parking dispute escalated and the complainant was assaulted,chargesheeted,PSI Mahesh Rao,"Assault / Hurt reported at RT Nagar, Bengaluru North on 2025-01-26: a quarrel over a parking dispute escalated and the complainant was assaulted."
FIR-0153,153/2025,PS-004,RT Nagar Police Station,Bengaluru North,RT Nagar,Vehicle Theft,IPC 379,low,2025-07-27,2025-07-25,23:18:00,13.01717,77.5752,the two-wheeler was stolen from outside a commercial complex in broad daylight,under investigation,PSI Lakshmi Reddy,"Vehicle Theft reported at RT Nagar, Bengaluru North on 2025-07-25: the two-wheeler was stolen from outside a commercial complex in broad daylight."
FIR-0154,154/2025,PS-001,Yelahanka Police Station,Bengaluru North,Yelahanka,Vehicle Theft,IPC 379,low,2025-03-05,2025-03-02,21:51:00,13.08772,77.5959,the vehicle was taken from an unattended parking lot after the steering lock was broken,chargesheeted,PSI Umesh Kulkarni,"Vehicle Theft reported at Yelahanka, Bengaluru North on 2025-03-02: the vehicle was taken from an unattended parking lot after the steering lock was broken."
FIR-0155,155/2025,PS-001,Yelahanka Police Station,Bengaluru North,Yelahanka,Narcotics (NDPS),NDPS 20; NDPS 22,high,2025-10-24,2025-10-21,12:54:00,13.08819,77.60214,the accused was found in possession of contraband during a vehicle check at a checkpost,chargesheeted,PSI Ananya Reddy,"Narcotics (NDPS) reported at Yelahanka, Bengaluru North on 2025-10-21: the accused was found in possession of contraband during a vehicle check at a checkpost."
FIR-0156,156/2026,PS-005,Krishnaraja Police Station,Mysuru,Krishnaraja,Assault / Hurt,IPC 323; IPC 324,low,2026-04-19,2026-04-18,10:59:00,12.30157,76.66855,the accused caused hurt with a wooden club following a prior enmity,under investigation,PSI Girish Desai,"Assault / Hurt reported at Krishnaraja, Mysuru on 2026-04-18: the accused caused hurt with a wooden club following a prior enmity."
FIR-0157,157/2024,PS-006,Nanjangud Police Station,Mysuru,Nanjangud,Robbery,IPC 392; IPC 397,high,2024-11-25,2024-11-24,21:40:00,12.09814,76.68662,an armed group waylaid the complainant on a deserted stretch and robbed the collection amount,chargesheeted,PSI Ramesh Patil,"Robbery reported at Nanjangud, Mysuru on 2024-11-24: an armed group waylaid the complainant on a deserted stretch and robbed the collection amount."
FIR-0158,158/2026,PS-003,Peenya Police Station,Bengaluru North,Peenya,Robbery,IPC 392; IPC 397,high,2026-06-14,2026-06-11,04:27:00,13.02191,77.49669,an armed group waylaid the complainant on a deserted stretch and robbed the collection amount,closed,PSI Lakshmi Achar,"Robbery reported at Peenya, Bengaluru North on 2026-06-11: an armed group waylaid the complainant on a deserted stretch and robbed the collection amount."
FIR-0159,159/2025,PS-004,RT Nagar Police Station,Bengaluru North,RT Nagar,Narcotics (NDPS),NDPS 20; NDPS 22,high,2025-03-14,2025-03-14,18:41:00,13.03709,77.59749,a tip-off led to the seizure of contraband from a rented room,closed,PSI Nandini Naik,"Narcotics (NDPS) reported at RT Nagar, Bengaluru North on 2025-03-14: a tip-off led to the seizure of contraband from a rented room."
FIR-0160,160/2025,PS-001,Yelahanka Police Station,Bengaluru North,Yelahanka,Narcotics (NDPS),NDPS 20; NDPS 22,high,2025-08-11,2025-08-10,19:07:00,13.09756,77.61819,a tip-off led to the seizure of contraband from a rented room,under investigation,PSI Kavitha Jadhav,"Narcotics (NDPS) reported at Yelahanka, Bengaluru North on 2025-08-10: a tip-off led to the seizure of contraband from a rented room."
FIR-0161,161/2026,PS-008,Kalaburagi City Police Station,Kalaburagi,Kalaburagi City,House Burglary,IPC 454; IPC 457; IPC 380,medium,2026-06-06,2026-06-05,09:24:00,17.34053,76.84527,the grill of the ventilator was cut and gold ornaments and cash were taken,chargesheeted,PSI Harish Achar,"House Burglary reported at Kalaburagi City, Kalaburagi on 2026-06-05: the grill of the ventilator was cut and gold ornaments and cash were taken."
FIR-0162,162/2025,PS-002,Hebbal Police Station,Bengaluru North,Hebbal,Assault / Hurt,IPC 323; IPC 324,low,2025-11-29,2025-11-27,17:40:00,13.02571,77.58937,a quarrel over a parking dispute escalated and the complainant was assaulted,under investigation,PSI Mahesh Pujari,"Assault / Hurt reported at Hebbal, Bengaluru North on 2025-11-27: a quarrel over a parking dispute escalated and the complainant was assaulted."
FIR-0163,163/2026,PS-002,Hebbal Police Station,Bengaluru North,Hebbal,Vehicle Theft,IPC 379,low,2026-05-13,2026-05-11,17:29:00,13.04294,77.59957,the motorcycle parked outside the residence was stolen during the night,under investigation,PSI Savitha Reddy,"Vehicle Theft reported at Hebbal, Bengaluru North on 2026-05-11: the motorcycle parked outside the residence was stolen during the night."
FIR-0164,164/2025,PS-002,Hebbal Police Station,Bengaluru North,Hebbal,Robbery,IPC 392; IPC 397,high,2025-07-23,2025-07-20,18:22:00,13.03099,77.57506,the suspects threatened the complainant with a knife and took cash and a mobile phone,under investigation,PSI Imran Pujari,"Robbery reported at Hebbal, Bengaluru North on 2025-07-20: the suspects threatened the complainant with a knife and took cash and a mobile phone."
FIR-0165,165/2025,PS-008,Kalaburagi City Police Station,Kalaburagi,Kalaburagi City,House Burglary,IPC 454; IPC 457; IPC 380,medium,2025-09-13,2025-09-11,02:23:00,17.32749,76.8157,the grill of the ventilator was cut and gold ornaments and cash were taken,chargesheeted,PSI Vidya Jadhav,"House Burglary reported at Kalaburagi City, Kalaburagi on 2025-09-11: the grill of the ventilator was cut and gold ornaments and cash were taken."
FIR-0166,166/2025,PS-001,Yelahanka Police Station,Bengaluru North,Yelahanka,Vehicle Theft,IPC 379,low,2025-11-11,2025-11-09,02:23:00,13.0977,77.60139,the two-wheeler was stolen from outside a commercial complex in broad daylight,chargesheeted,PSI Nagaraj Achar,"Vehicle Theft reported at Yelahanka, Bengaluru North on 2025-11-09: the two-wheeler was stolen from outside a commercial complex in broad daylight."
FIR-0167,167/2025,PS-002,Hebbal Police Station,Bengaluru North,Hebbal,Chain Snatching,IPC 379; IPC 356,medium,2025-09-15,2025-09-15,06:36:00,13.02437,77.5887,suspects on a motorcycle without a number plate snatched the chain near a bus stop,closed,PSI Rakesh Gowda,"Chain Snatching reported at Hebbal, Bengaluru North on 2025-09-15: suspects on a motorcycle without a number plate snatched the chain near a bus stop."
FIR-0168,168/2026,PS-008,Kalaburagi City Police Station,Kalaburagi,Kalaburagi City,Assault / Hurt,IPC 323; IPC 324,low,2026-04-11,2026-04-11,20:30:00,17.31675,76.82489,a quarrel over a parking dispute escalated and the complainant was assaulted,chargesheeted,PSI Ravi Desai,"Assault / Hurt reported at Kalaburagi City, Kalaburagi on 2026-04-11: a quarrel over a parking dispute escalated and the complainant was assaulted."
FIR-0169,169/2026,PS-003,Peenya Police Station,Bengaluru North,Peenya,Vehicle Theft,IPC 379,low,2026-05-10,2026-05-10,20:24:00,13.00775,77.51895,the vehicle was taken from an unattended parking lot after the steering lock was broken,chargesheeted,PSI Suresh Gowda,"Vehicle Theft reported at Peenya, Bengaluru North on 2026-05-10: the vehicle was taken from an unattended parking lot after the steering lock was broken."
FIR-0170,170/2024,PS-002,Hebbal Police Station,Bengaluru North,Hebbal,Cheating / Online Fraud,IPC 420; IPC 66D IT Act,medium,2024-10-19,2024-10-18,18:49:00,13.02335,77.59457,the suspect posed as a bank official and obtained the OTP over a phone call,under investigation,PSI Vinay Hegde,"Cheating / Online Fraud reported at Hebbal, Bengaluru North on 2024-10-18: the suspect posed as a bank official and obtained the OTP over a phone call."
FIR-0171,171/2025,PS-004,RT Nagar Police Station,Bengaluru North,RT Nagar,Vehicle Theft,IPC 379,low,2025-12-09,2025-12-06,18:48:00,13.01505,77.57981,the two-wheeler was stolen from outside a commercial complex in broad daylight,chargesheeted,PSI Prakash Prasad,"Vehicle Theft reported at RT Nagar, Bengaluru North on 2025-12-06: the two-wheeler was stolen from outside a commercial complex in broad daylight."
FIR-0172,172/2024,PS-005,Krishnaraja Police Station,Mysuru,Krishnaraja,Chain Snatching,IPC 379; IPC 356,medium,2024-09-18,2024-09-17,04:52:00,12.28499,76.65654,pillion rider snatched the mangalsutra while the complainant was walking on the footpath,under investigation,PSI Basavaraj Gowda,"Chain Snatching reported at Krishnaraja, Mysuru on 2024-09-17: pillion rider snatched the mangalsutra while the complainant was walking on the footpath."
FIR-0173,173/2024,PS-008,Kalaburagi City Police Station,Kalaburagi,Kalaburagi City,Vehicle Theft,IPC 379,low,2024-11-15,2024-11-12,11:49:00,17.32188,76.82659,the vehicle was taken from an unattended parking lot after the steering lock was broken,chargesheeted,PSI Lakshmi Rao,"Vehicle Theft reported at Kalaburagi City, Kalaburagi on 2024-11-12: the vehicle was taken from an unattended parking lot after the steering lock was broken."
FIR-0174,174/2025,PS-006,Nanjangud Police Station,Mysuru,Nanjangud,Cheating / Online Fraud,IPC 420; IPC 66D IT Act,medium,2025-04-22,2025-04-21,05:30:00,12.11905,76.68834,the suspect posed as a bank official and obtained the OTP over a phone call,chargesheeted,PSI Shivakumar Gowda,"Cheating / Online Fraud reported at Nanjangud, Mysuru on 2025-04-21: the suspect posed as a bank official and obtained the OTP over a phone call."
FIR-0175,175/2024,PS-009,Aland Police Station,Kalaburagi,Aland,House Burglary,IPC 454; IPC 457; IPC 380,medium,2024-11-12,2024-11-10,12:41:00,17.55499,76.5853,the grill of the ventilator was cut and gold ornaments and cash were taken,chargesheeted,PSI Bhavya Kamath,"House Burglary reported at Aland, Kalaburagi on 2024-11-10: the grill of the ventilator was cut and gold ornaments and cash were taken."
FIR-0176,176/2026,PS-004,RT Nagar Police Station,Bengaluru North,RT Nagar,Chain Snatching,IPC 379; IPC 356,medium,2026-05-16,2026-05-15,16:16:00,13.03795,77.58778,pillion rider snatched the mangalsutra while the complainant was walking on the footpath,under investigation,PSI Vidya Gowda,"Chain Snatching reported at RT Nagar, Bengaluru North on 2026-05-15: pillion rider snatched the mangalsutra while the complainant was walking on the footpath."
FIR-0177,177/2025,PS-002,Hebbal Police Station,Bengaluru North,Hebbal,Assault / Hurt,IPC 323; IPC 324,low,2025-06-28,2025-06-26,02:09:00,13.03556,77.57788,the accused caused hurt with a wooden club following a prior enmity,closed,PSI Nagaraj Reddy,"Assault / Hurt reported at Hebbal, Bengaluru North on 2025-06-26: the accused caused hurt with a wooden club following a prior enmity."
FIR-0178,178/2026,PS-001,Yelahanka Police Station,Bengaluru North,Yelahanka,Chain Snatching,IPC 379; IPC 356,medium,2026-02-21,2026-02-18,09:43:00,13.08148,77.58853,suspects on a motorcycle without a number plate snatched the chain near a bus stop,chargesheeted,PSI Lakshmi Patil,"Chain Snatching reported at Yelahanka, Bengaluru North on 2026-02-18: suspects on a motorcycle without a number plate snatched the chain near a bus stop."
FIR-0179,179/2025,PS-002,Hebbal Police Station,Bengaluru North,Hebbal,Cheating / Online Fraud,IPC 420; IPC 66D IT Act,medium,2025-06-18,2025-06-15,06:26:00,13.01998,77.58483,the suspect posed as a bank official and obtained the OTP over a phone call,chargesheeted,PSI Prakash Patil,"Cheating / Online Fraud reported at Hebbal, Bengaluru North on 2025-06-15: the suspect posed as a bank official and obtained the OTP over a phone call."
FIR-0180,180/2025,PS-008,Kalaburagi City Police Station,Kalaburagi,Kalaburagi City,Vehicle Theft,IPC 379,low,2025-05-23,2025-05-21,02:06:00,17.32304,76.82754,the motorcycle parked outside the residence was stolen during the night,chargesheeted,PSI Suresh Jadhav,"Vehicle Theft reported at Kalaburagi City, Kalaburagi on 2025-05-21: the motorcycle parked outside the residence was stolen during the night."
FIR-0181,181/2026,PS-006,Nanjangud Police Station,Mysuru,Nanjangud,Chain Snatching,IPC 379; IPC 356,medium,2026-05-15,2026-05-14,05:29:00,12.10476,76.69504,pillion rider snatched the mangalsutra while the complainant was walking on the footpath,closed,PSI Nandini Patil,"Chain Snatching reported at Nanjangud, Mysuru on 2026-05-14: pillion rider snatched the mangalsutra while the complainant was walking on the footpath."
FIR-0182,182/2024,PS-005,Krishnaraja Police Station,Mysuru,Krishnaraja,Robbery,IPC 392; IPC 397,high,2024-11-11,2024-11-08,09:50:00,12.31172,76.67713,the suspects threatened the complainant with a knife and took cash and a mobile phone,chargesheeted,PSI Savitha Murthy,"Robbery reported at Krishnaraja, Mysuru on 2024-11-08: the suspects threatened the complainant with a knife and took cash and a mobile phone."
FIR-0183,183/2025,PS-004,RT Nagar Police Station,Bengaluru North,RT Nagar,House Burglary,IPC 454; IPC 457; IPC 380,medium,2025-10-17,2025-10-17,09:49:00,13.02781,77.59141,the lock of the main door was broken open while the house was locked and the family was away,closed,PSI Manjunath Achar,"House Burglary reported at RT Nagar, Bengaluru North on 2025-10-17: the lock of the main door was broken open while the house was locked and the family was away."
FIR-0184,184/2025,PS-005,Krishnaraja Police Station,Mysuru,Krishnaraja,House Burglary,IPC 454; IPC 457; IPC 380,medium,2025-06-21,2025-06-19,16:57:00,12.29834,76.64218,the lock of the main door was broken open while the house was locked and the family was away,under investigation,PSI Pooja Prasad,"House Burglary reported at Krishnaraja, Mysuru on 2025-06-19: the lock of the main door was broken open while the house was locked and the family was away."
FIR-0185,185/2025,PS-006,Nanjangud Police Station,Mysuru,Nanjangud,Chain Snatching,IPC 379; IPC 356,medium,2025-12-04,2025-12-02,17:09:00,12.13742,76.67468,pillion rider snatched the mangalsutra while the complainant was walking on the footpath,chargesheeted,PSI Shwetha Swamy,"Chain Snatching reported at Nanjangud, Mysuru on 2025-12-02: pillion rider snatched the mangalsutra while the complainant was walking on the footpath."
FIR-0186,186/2025,PS-004,RT Nagar Police Station,Bengaluru North,RT Nagar,Vehicle Theft,IPC 379,low,2025-02-17,2025-02-15,15:30:00,13.00261,77.59736,the vehicle was taken from an unattended parking lot after the steering lock was broken,closed,PSI Naveen Kamath,"Vehicle Theft reported at RT Nagar, Bengaluru North on 2025-02-15: the vehicle was taken from an unattended parking lot after the steering lock was broken."
FIR-0187,187/2026,PS-010,Chittapur Police Station,Kalaburagi,Chittapur,House Burglary,IPC 454; IPC 457; IPC 380,medium,2026-01-13,2026-01-13,16:08:00,17.11985,77.0904,the grill of the ventilator was cut and gold ornaments and cash were taken,chargesheeted,PSI Lakshmi Kamath,"House Burglary reported at Chittapur, Kalaburagi on 2026-01-13: the grill of the ventilator was cut and gold ornaments and cash were taken."
FIR-0188,188/2025,PS-003,Peenya Police Station,Bengaluru North,Peenya,House Burglary,IPC 454; IPC 457; IPC 380,medium,2025-11-17,2025-11-17,13:32:00,13.00688,77.5092,the grill of the ventilator was cut and gold ornaments and cash were taken,chargesheeted,PSI Manjunath Hegde,"House Burglary reported at Peenya, Bengaluru North on 2025-11-17: the grill of the ventilator was cut and gold ornaments and cash were taken."
FIR-0189,189/2025,PS-006,Nanjangud Police Station,Mysuru,Nanjangud,Cheating / Online Fraud,IPC 420; IPC 66D IT Act,medium,2025-12-24,2025-12-23,05:09:00,12.10691,76.67855,payment was collected for goods advertised online which were never delivered,under investigation,PSI Girish Kulkarni,"Cheating / Online Fraud reported at Nanjangud, Mysuru on 2025-12-23: payment was collected for goods advertised online which were never delivered."
FIR-0190,190/2024,PS-004,RT Nagar Police Station,Bengaluru North,RT Nagar,Cheating / Online Fraud,IPC 420; IPC 66D IT Act,medium,2024-07-27,2024-07-25,21:17:00,13.02928,77.61052,payment was collected for goods advertised online which were never delivered,under investigation,PSI Nandini Shetty,"Cheating / Online Fraud reported at RT Nagar, Bengaluru North on 2024-07-25: payment was collected for goods advertised online which were never delivered."
FIR-0191,191/2026,PS-001,Yelahanka Police Station,Bengaluru North,Yelahanka,Chain Snatching,IPC 379; IPC 356,medium,2026-05-16,2026-05-15,08:03:00,13.11965,77.57741,two-wheeler borne suspects snatched the gold chain and fled towards the ring road,closed,PSI Shwetha Reddy,"Chain Snatching reported at Yelahanka, Bengaluru North on 2026-05-15: two-wheeler borne suspects snatched the gold chain and fled towards the ring road."
FIR-0192,192/2025,PS-006,Nanjangud Police Station,Mysuru,Nanjangud,House Burglary,IPC 454; IPC 457; IPC 380,medium,2025-07-14,2025-07-12,00:38:00,12.1084,76.66351,the grill of the ventilator was cut and gold ornaments and cash were taken,under investigation,PSI Rakesh Kamath,"House Burglary reported at Nanjangud, Mysuru on 2025-07-12: the grill of the ventilator was cut and gold ornaments and cash were taken."
FIR-0193,193/2024,PS-007,Hunsur Police Station,Mysuru,Hunsur,Robbery,IPC 392; IPC 397,high,2024-12-16,2024-12-16,01:21:00,12.31892,76.29107,the suspects threatened the complainant with a knife and took cash and a mobile phone,chargesheeted,PSI Lokesh Gowda,"Robbery reported at Hunsur, Mysuru on 2024-12-16: the suspects threatened the complainant with a knife and took cash and a mobile phone."
FIR-0194,194/2026,PS-006,Nanjangud Police Station,Mysuru,Nanjangud,Vehicle Theft,IPC 379,low,2026-04-26,2026-04-24,22:46:00,12.10798,76.68552,the motorcycle parked outside the residence was stolen during the night,under investigation,PSI Girish Shetty,"Vehicle Theft reported at Nanjangud, Mysuru on 2026-04-24: the motorcycle parked outside the residence was stolen during the night."
FIR-0195,195/2026,PS-009,Aland Police Station,Kalaburagi,Aland,Vehicle Theft,IPC 379,low,2026-03-17,2026-03-15,07:07:00,17.56627,76.58427,the two-wheeler was stolen from outside a commercial complex in broad daylight,chargesheeted,PSI Deepa Patil,"Vehicle Theft reported at Aland, Kalaburagi on 2026-03-15: the two-wheeler was stolen from outside a commercial complex in broad daylight."
FIR-0196,196/2026,PS-001,Yelahanka Police Station,Bengaluru North,Yelahanka,Vehicle Theft,IPC 379,low,2026-02-15,2026-02-15,04:44:00,13.08071,77.58647,the motorcycle parked outside the residence was stolen during the night,chargesheeted,PSI Naveen Kulkarni,"Vehicle Theft reported at Yelahanka, Bengaluru North on 2026-02-15: the motorcycle parked outside the residence was stolen during the night."
FIR-0197,197/2024,PS-009,Aland Police Station,Kalaburagi,Aland,Robbery,IPC 392; IPC 397,high,2024-10-06,2024-10-05,22:19:00,17.5518,76.55549,an armed group waylaid the complainant on a deserted stretch and robbed the collection amount,under investigation,PSI Ramesh Bhat,"Robbery reported at Aland, Kalaburagi on 2024-10-05: an armed group waylaid the complainant on a deserted stretch and robbed the collection amount."
FIR-0198,198/2026,PS-005,Krishnaraja Police Station,Mysuru,Krishnaraja,Vehicle Theft,IPC 379,low,2026-04-03,2026-04-03,19:04:00,12.29082,76.65176,the motorcycle parked outside the residence was stolen during the night,chargesheeted,PSI Imran Bhat,"Vehicle Theft reported at Krishnaraja, Mysuru on 2026-04-03: the motorcycle parked outside the residence was stolen during the night."
FIR-0199,199/2024,PS-010,Chittapur Police Station,Kalaburagi,Chittapur,Vehicle Theft,IPC 379,low,2024-10-16,2024-10-16,21:26:00,17.10067,77.07034,the two-wheeler was stolen from outside a commercial complex in broad daylight,under investigation,PSI Ramesh Hegde,"Vehicle Theft reported at Chittapur, Kalaburagi on 2024-10-16: the two-wheeler was stolen from outside a commercial complex in broad daylight."
FIR-0200,200/2026,PS-001,Yelahanka Police Station,Bengaluru North,Yelahanka,Chain Snatching,IPC 379; IPC 356,medium,2026-04-21,2026-04-18,02:01:00,13.11413,77.6,suspects on a motorcycle without a number plate snatched the chain near a bus stop,chargesheeted,PSI Yusuf Shetty,"Chain Snatching reported at Yelahanka, Bengaluru North on 2026-04-18: suspects on a motorcycle without a number plate snatched the chain near a bus stop."
FIR-0201,201/2026,PS-004,RT Nagar Police Station,Bengaluru North,RT Nagar,Narcotics (NDPS),NDPS 20; NDPS 22,high,2026-06-06,2026-06-04,19:45:00,13.02303,77.61192,the accused was found in possession of contraband during a vehicle check at a checkpost,under investigation,PSI Suresh Naik,"Narcotics (NDPS) reported at RT Nagar, Bengaluru North on 2026-06-04: the accused was found in possession of contraband during a vehicle check at a checkpost."
FIR-0202,202/2025,PS-003,Peenya Police Station,Bengaluru North,Peenya,Assault / Hurt,IPC 323; IPC 324,low,2025-02-11,2025-02-11,21:33:00,13.01592,77.53016,the accused caused hurt with a wooden club following a prior enmity,under investigation,PSI Girish Shetty,"Assault / Hurt reported at Peenya, Bengaluru North on 2025-02-11: the accused caused hurt with a wooden club following a prior enmity."
FIR-0203,203/2025,PS-001,Yelahanka Police Station,Bengaluru North,Yelahanka,Assault / Hurt,IPC 323; IPC 324,low,2025-03-22,2025-03-20,01:00:00,13.09866,77.57977,a quarrel over a parking dispute escalated and the complainant was assaulted,chargesheeted,PSI Prakash Shetty,"Assault / Hurt reported at Yelahanka, Bengaluru North on 2025-03-20: a quarrel over a parking dispute escalated and the complainant was assaulted."
FIR-0204,204/2026,PS-007,Hunsur Police Station,Mysuru,Hunsur,Chain Snatching,IPC 379; IPC 356,medium,2026-06-06,2026-06-06,06:00:00,12.29129,76.30981,pillion rider snatched the mangalsutra while the complainant was walking on the footpath,under investigation,PSI Savitha Gowda,"Chain Snatching reported at Hunsur, Mysuru on 2026-06-06: pillion rider snatched the mangalsutra while the complainant was walking on the footpath."
FIR-0205,205/2025,PS-010,Chittapur Police Station,Kalaburagi,Chittapur,Cheating / Online Fraud,IPC 420; IPC 66D IT Act,medium,2025-06-10,2025-06-10,04:30:00,17.09977,77.09736,the complainant was induced to transfer money on the promise of a part-time job,under investigation,PSI Lakshmi Murthy,"Cheating / Online Fraud reported at Chittapur, Kalaburagi on 2025-06-10: the complainant was induced to transfer money on the promise of a part-time job."
FIR-0206,206/2026,PS-002,Hebbal Police Station,Bengaluru North,Hebbal,Vehicle Theft,IPC 379,low,2026-04-15,2026-04-15,06:02:00,13.05035,77.6014,the two-wheeler was stolen from outside a commercial complex in broad daylight,chargesheeted,PSI Nandini Prasad,"Vehicle Theft reported at Hebbal, Bengaluru North on 2026-04-15: the two-wheeler was stolen from outside a commercial complex in broad daylight."
FIR-0207,207/2026,PS-007,Hunsur Police Station,Mysuru,Hunsur,House Burglary,IPC 454; IPC 457; IPC 380,medium,2026-02-14,2026-02-14,14:25:00,12.31261,76.30475,entry was gained through an unsecured rear window and the almirah was ransacked,chargesheeted,PSI Vinay Kamath,"House Burglary reported at Hunsur, Mysuru on 2026-02-14: entry was gained through an unsecured rear window and the almirah was ransacked."
FIR-0208,208/2025,PS-004,RT Nagar Police Station,Bengaluru North,RT Nagar,Narcotics (NDPS),NDPS 20; NDPS 22,high,2025-01-05,2025-01-02,12:59:00,13.02114,77.57812,a tip-off led to the seizure of contraband from a rented room,chargesheeted,PSI Girish Murthy,"Narcotics (NDPS) reported at RT Nagar, Bengaluru North on 2025-01-02: a tip-off led to the seizure of contraband from a rented room."
FIR-0209,209/2025,PS-004,RT Nagar Police Station,Bengaluru North,RT Nagar,Assault / Hurt,IPC 323; IPC 324,low,2025-06-27,2025-06-27,04:19:00,13.03304,77.58069,the accused caused hurt with a wooden club following a prior enmity,under investigation,PSI Lakshmi Bhat,"Assault / Hurt reported at RT Nagar, Bengaluru North on 2025-06-27: the accused caused hurt with a wooden club following a prior enmity."
FIR-0210,210/2026,PS-001,Yelahanka Police Station,Bengaluru North,Yelahanka,Chain Snatching,IPC 379; IPC 356,medium,2026-04-02,2026-04-02,14:21:00,13.10699,77.60923,suspects on a motorcycle without a number plate snatched the chain near a bus stop,closed,PSI Santhosh Prasad,"Chain Snatching reported at Yelahanka, Bengaluru North on 2026-04-02: suspects on a motorcycle without a number plate snatched the chain near a bus stop."
FIR-0211,211/2025,PS-010,Chittapur Police Station,Kalaburagi,Chittapur,Cheating / Online Fraud,IPC 420; IPC 66D IT Act,medium,2025-06-19,2025-06-18,01:26:00,17.10261,77.08546,the complainant was induced to transfer money on the promise of a part-time job,chargesheeted,PSI Deepa Rao,"Cheating / Online Fraud reported at Chittapur, Kalaburagi on 2025-06-18: the complainant was induced to transfer money on the promise of a part-time job."
FIR-0212,212/2024,PS-010,Chittapur Police Station,Kalaburagi,Chittapur,Robbery,IPC 392; IPC 397,high,2024-12-19,2024-12-16,04:40:00,17.13173,77.07493,an armed group waylaid the complainant on a deserted stretch and robbed the collection amount,chargesheeted,PSI Deepa Achar,"Robbery reported at Chittapur, Kalaburagi on 2024-12-16: an armed group waylaid the complainant on a deserted stretch and robbed the collection amount."
FIR-0213,213/2025,PS-002,Hebbal Police Station,Bengaluru North,Hebbal,Chain Snatching,IPC 379; IPC 356,medium,2025-12-14,2025-12-11,05:12:00,13.02061,77.61919,two-wheeler borne suspects snatched the gold chain and fled towards the ring road,chargesheeted,PSI Kavitha Kumar,"Chain Snatching reported at Hebbal, Bengaluru North on 2025-12-11: two-wheeler borne suspects snatched the gold chain and fled towards the ring road."
FIR-0214,214/2026,PS-004,RT Nagar Police Station,Bengaluru North,RT Nagar,Chain Snatching,IPC 379; IPC 356,medium,2026-01-08,2026-01-06,22:43:00,13.019,77.61559,suspects on a motorcycle without a number plate snatched the chain near a bus stop,under investigation,PSI Savitha Kulkarni,"Chain Snatching reported at RT Nagar, Bengaluru North on 2026-01-06: suspects on a motorcycle without a number plate snatched the chain near a bus stop."
FIR-0215,215/2025,PS-009,Aland Police Station,Kalaburagi,Aland,House Burglary,IPC 454; IPC 457; IPC 380,medium,2025-02-23,2025-02-20,00:32:00,17.5465,76.5754,entry was gained through an unsecured rear window and the almirah was ransacked,under investigation,PSI Umesh Prasad,"House Burglary reported at Aland, Kalaburagi on 2025-02-20: entry was gained through an unsecured rear window and the almirah was ransacked."
FIR-0216,216/2025,PS-006,Nanjangud Police Station,Mysuru,Nanjangud,Narcotics (NDPS),NDPS 20; NDPS 22,high,2025-08-23,2025-08-23,09:37:00,12.10017,76.69385,a tip-off led to the seizure of contraband from a rented room,under investigation,PSI Imran Bhat,"Narcotics (NDPS) reported at Nanjangud, Mysuru on 2025-08-23: a tip-off led to the seizure of contraband from a rented room."
FIR-0217,217/2026,PS-006,Nanjangud Police Station,Mysuru,Nanjangud,Vehicle Theft,IPC 379,low,2026-01-08,2026-01-07,17:03:00,12.13704,76.70412,the vehicle was taken from an unattended parking lot after the steering lock was broken,under investigation,PSI Mahesh Rao,"Vehicle Theft reported at Nanjangud, Mysuru on 2026-01-07: the vehicle was taken from an unattended parking lot after the steering lock was broken."
FIR-0218,218/2026,PS-001,Yelahanka Police Station,Bengaluru North,Yelahanka,Chain Snatching,IPC 379; IPC 356,medium,2026-01-16,2026-01-16,09:36:00,13.10975,77.6182,suspects on a motorcycle without a number plate snatched the chain near a bus stop,closed,PSI Ananya Swamy,"Chain Snatching reported at Yelahanka, Bengaluru North on 2026-01-16: suspects on a motorcycle without a number plate snatched the chain near a bus stop."
FIR-0219,219/2026,PS-007,Hunsur Police Station,Mysuru,Hunsur,Cheating / Online Fraud,IPC 420; IPC 66D IT Act,medium,2026-03-04,2026-03-04,09:20:00,12.32329,76.29779,the complainant was induced to transfer money on the promise of a part-time job,chargesheeted,PSI Mahesh Hegde,"Cheating / Online Fraud reported at Hunsur, Mysuru on 2026-03-04: the complainant was induced to transfer money on the promise of a part-time job."
FIR-0220,220/2024,PS-001,Yelahanka Police Station,Bengaluru North,Yelahanka,Assault / Hurt,IPC 323; IPC 324,low,2024-10-12,2024-10-09,10:32:00,13.08293,77.61323,a quarrel over a parking dispute escalated and the complainant was assaulted,under investigation,PSI Suresh Bhat,"Assault / Hurt reported at Yelahanka, Bengaluru North on 2024-10-09: a quarrel over a parking dispute escalated and the complainant was assaulted."
FIR-0221,221/2025,PS-004,RT Nagar Police Station,Bengaluru North,RT Nagar,Vehicle Theft,IPC 379,low,2025-01-10,2025-01-07,13:55:00,13.01777,77.60581,the vehicle was taken from an unattended parking lot after the steering lock was broken,chargesheeted,PSI Shivakumar Achar,"Vehicle Theft reported at RT Nagar, Bengaluru North on 2025-01-07: the vehicle was taken from an unattended parking lot after the steering lock was broken."
FIR-0222,222/2024,PS-006,Nanjangud Police Station,Mysuru,Nanjangud,Cheating / Online Fraud,IPC 420; IPC 66D IT Act,medium,2024-07-24,2024-07-21,19:35:00,12.13072,76.70043,payment was collected for goods advertised online which were never delivered,chargesheeted,PSI Nagaraj Prasad,"Cheating / Online Fraud reported at Nanjangud, Mysuru on 2024-07-21: payment was collected for goods advertised online which were never delivered."
FIR-0223,223/2026,PS-006,Nanjangud Police Station,Mysuru,Nanjangud,Robbery,IPC 392; IPC 397,high,2026-04-29,2026-04-27,03:54:00,12.09566,76.69837,the suspects threatened the complainant with a knife and took cash and a mobile phone,under investigation,PSI Lokesh Murthy,"Robbery reported at Nanjangud, Mysuru on 2026-04-27: the suspects threatened the complainant with a knife and took cash and a mobile phone."
FIR-0224,224/2026,PS-001,Yelahanka Police Station,Bengaluru North,Yelahanka,House Burglary,IPC 454; IPC 457; IPC 380,medium,2026-06-27,2026-06-27,01:08:00,13.12015,77.60562,the grill of the ventilator was cut and gold ornaments and cash were taken,chargesheeted,PSI Girish Rao,"House Burglary reported at Yelahanka, Bengaluru North on 2026-06-27: the grill of the ventilator was cut and gold ornaments and cash were taken."
FIR-0225,225/2026,PS-002,Hebbal Police Station,Bengaluru North,Hebbal,Assault / Hurt,IPC 323; IPC 324,low,2026-06-12,2026-06-11,00:44:00,13.03715,77.60232,a quarrel over a parking dispute escalated and the complainant was assaulted,chargesheeted,PSI Mahesh Jadhav,"Assault / Hurt reported at Hebbal, Bengaluru North on 2026-06-11: a quarrel over a parking dispute escalated and the complainant was assaulted."
FIR-0226,226/2026,PS-001,Yelahanka Police Station,Bengaluru North,Yelahanka,Cheating / Online Fraud,IPC 420; IPC 66D IT Act,medium,2026-06-22,2026-06-20,10:10:00,13.10119,77.61476,the complainant was induced to transfer money on the promise of a part-time job,chargesheeted,PSI Nagaraj Pujari,"Cheating / Online Fraud reported at Yelahanka, Bengaluru North on 2026-06-20: the complainant was induced to transfer money on the promise of a part-time job."
FIR-0227,227/2025,PS-003,Peenya Police Station,Bengaluru North,Peenya,Robbery,IPC 392; IPC 397,high,2025-04-08,2025-04-07,02:48:00,13.03605,77.50796,the suspects threatened the complainant with a knife and took cash and a mobile phone,closed,PSI Imran Hegde,"Robbery reported at Peenya, Bengaluru North on 2025-04-07: the suspects threatened the complainant with a knife and took cash and a mobile phone."
FIR-0228,228/2025,PS-004,RT Nagar Police Station,Bengaluru North,RT Nagar,Chain Snatching,IPC 379; IPC 356,medium,2025-11-18,2025-11-17,15:21:00,13.00283,77.61082,two-wheeler borne suspects snatched the gold chain and fled towards the ring road,under investigation,PSI Prakash Rao,"Chain Snatching reported at RT Nagar, Bengaluru North on 2025-11-17: two-wheeler borne suspects snatched the gold chain and fled towards the ring road."
FIR-0229,229/2026,PS-002,Hebbal Police Station,Bengaluru North,Hebbal,Cheating / Online Fraud,IPC 420; IPC 66D IT Act,medium,2026-04-28,2026-04-25,12:35:00,13.0136,77.6004,the suspect posed as a bank official and obtained the OTP over a phone call,under investigation,PSI Deepa Desai,"Cheating / Online Fraud reported at Hebbal, Bengaluru North on 2026-04-25: the suspect posed as a bank official and obtained the OTP over a phone call."
FIR-0230,230/2024,PS-010,Chittapur Police Station,Kalaburagi,Chittapur,Robbery,IPC 392; IPC 397,high,2024-11-06,2024-11-06,04:21:00,17.1111,77.0725,the suspects threatened the complainant with a knife and took cash and a mobile phone,chargesheeted,PSI Ravi Naik,"Robbery reported at Chittapur, Kalaburagi on 2024-11-06: the suspects threatened the complainant with a knife and took cash and a mobile phone."
FIR-0231,231/2026,PS-008,Kalaburagi City Police Station,Kalaburagi,Kalaburagi City,Vehicle Theft,IPC 379,low,2026-04-23,2026-04-21,13:47:00,17.30848,76.81418,the vehicle was taken from an unattended parking lot after the steering lock was broken,chargesheeted,PSI Vinay Hegde,"Vehicle Theft reported at Kalaburagi City, Kalaburagi on 2026-04-21: the vehicle was taken from an unattended parking lot after the steering lock was broken."
FIR-0232,232/2024,PS-001,Yelahanka Police Station,Bengaluru North,Yelahanka,Robbery,IPC 392; IPC 397,high,2024-09-01,2024-09-01,06:12:00,13.0908,77.58176,the suspects threatened the complainant with a knife and took cash and a mobile phone,closed,PSI Anand Naik,"Robbery reported at Yelahanka, Bengaluru North on 2024-09-01: the suspects threatened the complainant with a knife and took cash and a mobile phone."
FIR-0233,233/2026,PS-004,RT Nagar Police Station,Bengaluru North,RT Nagar,Vehicle Theft,IPC 379,low,2026-05-03,2026-05-01,14:31:00,13.02249,77.60566,the motorcycle parked outside the residence was stolen during the night,chargesheeted,PSI Imran Bhat,"Vehicle Theft reported at RT Nagar, Bengaluru North on 2026-05-01: the motorcycle parked outside the residence was stolen during the night."
FIR-0234,234/2025,PS-001,Yelahanka Police Station,Bengaluru North,Yelahanka,Robbery,IPC 392; IPC 397,high,2025-01-21,2025-01-20,14:47:00,13.11889,77.61195,the suspects threatened the complainant with a knife and took cash and a mobile phone,under investigation,PSI Deepa Kumar,"Robbery reported at Yelahanka, Bengaluru North on 2025-01-20: the suspects threatened the complainant with a knife and took cash and a mobile phone."
FIR-0235,235/2025,PS-001,Yelahanka Police Station,Bengaluru North,Yelahanka,Cheating / Online Fraud,IPC 420; IPC 66D IT Act,medium,2025-12-27,2025-12-24,11:41:00,13.11073,77.5913,the complainant was induced to transfer money on the promise of a part-time job,under investigation,PSI Deepa Reddy,"Cheating / Online Fraud reported at Yelahanka, Bengaluru North on 2025-12-24: the complainant was induced to transfer money on the promise of a part-time job."
FIR-0236,236/2024,PS-008,Kalaburagi City Police Station,Kalaburagi,Kalaburagi City,Robbery,IPC 392; IPC 397,high,2024-10-08,2024-10-07,22:57:00,17.30932,76.83868,the suspects threatened the complainant with a knife and took cash and a mobile phone,under investigation,PSI Lakshmi Jadhav,"Robbery reported at Kalaburagi City, Kalaburagi on 2024-10-07: the suspects threatened the complainant with a knife and took cash and a mobile phone."
FIR-0237,237/2025,PS-002,Hebbal Police Station,Bengaluru North,Hebbal,Vehicle Theft,IPC 379,low,2025-06-15,2025-06-12,12:51:00,13.018,77.61263,the motorcycle parked outside the residence was stolen during the night,under investigation,PSI Vinay Hegde,"Vehicle Theft reported at Hebbal, Bengaluru North on 2025-06-12: the motorcycle parked outside the residence was stolen during the night."
FIR-0238,238/2026,PS-007,Hunsur Police Station,Mysuru,Hunsur,Narcotics (NDPS),NDPS 20; NDPS 22,high,2026-03-12,2026-03-12,17:14:00,12.31748,76.30626,the accused was found in possession of contraband during a vehicle check at a checkpost,chargesheeted,PSI Kavitha Murthy,"Narcotics (NDPS) reported at Hunsur, Mysuru on 2026-03-12: the accused was found in possession of contraband during a vehicle check at a checkpost."
FIR-0239,239/2025,PS-004,RT Nagar Police Station,Bengaluru North,RT Nagar,Robbery,IPC 392; IPC 397,high,2025-03-02,2025-03-02,08:28:00,13.02444,77.60299,the suspects threatened the complainant with a knife and took cash and a mobile phone,closed,PSI Mahesh Reddy,"Robbery reported at RT Nagar, Bengaluru North on 2025-03-02: the suspects threatened the complainant with a knife and took cash and a mobile phone."
FIR-0240,240/2026,PS-001,Yelahanka Police Station,Bengaluru North,Yelahanka,Chain Snatching,IPC 379; IPC 356,medium,2026-05-10,2026-05-09,20:15:00,13.07885,77.59638,pillion rider snatched the mangalsutra while the complainant was walking on the footpath,chargesheeted,PSI Ananya Kamath,"Chain Snatching reported at Yelahanka, Bengaluru North on 2026-05-09: pillion rider snatched the mangalsutra while the complainant was walking on the footpath."
FIR-0241,241/2025,PS-008,Kalaburagi City Police Station,Kalaburagi,Kalaburagi City,Robbery,IPC 392; IPC 397,high,2025-12-29,2025-12-28,05:46:00,17.31545,76.83157,an armed group waylaid the complainant on a deserted stretch and robbed the collection amount,closed,PSI Chetan Rao,"Robbery reported at Kalaburagi City, Kalaburagi on 2025-12-28: an armed group waylaid the complainant on a deserted stretch and robbed the collection amount."
FIR-0242,242/2026,PS-001,Yelahanka Police Station,Bengaluru North,Yelahanka,Chain Snatching,IPC 379; IPC 356,medium,2026-01-08,2026-01-05,19:47:00,13.08228,77.61763,suspects on a motorcycle without a number plate snatched the chain near a bus stop,chargesheeted,PSI Roopa Shetty,"Chain Snatching reported at Yelahanka, Bengaluru North on 2026-01-05: suspects on a motorcycle without a number plate snatched the chain near a bus stop."
FIR-0243,243/2026,PS-002,Hebbal Police Station,Bengaluru North,Hebbal,House Burglary,IPC 454; IPC 457; IPC 380,medium,2026-02-20,2026-02-18,08:47:00,13.05449,77.59378,the grill of the ventilator was cut and gold ornaments and cash were taken,under investigation,PSI Kavitha Shetty,"House Burglary reported at Hebbal, Bengaluru North on 2026-02-18: the grill of the ventilator was cut and gold ornaments and cash were taken."
FIR-0244,244/2025,PS-003,Peenya Police Station,Bengaluru North,Peenya,Assault / Hurt,IPC 323; IPC 324,low,2025-03-24,2025-03-23,22:36:00,13.0114,77.53508,a quarrel over a parking dispute escalated and the complainant was assaulted,under investigation,PSI Suresh Hegde,"Assault / Hurt reported at Peenya, Bengaluru North on 2025-03-23: a quarrel over a parking dispute escalated and the complainant was assaulted."
FIR-0245,245/2025,PS-009,Aland Police Station,Kalaburagi,Aland,Cheating / Online Fraud,IPC 420; IPC 66D IT Act,medium,2025-02-18,2025-02-18,16:00:00,17.54626,76.56861,the suspect posed as a bank official and obtained the OTP over a phone call,chargesheeted,PSI Chetan Pujari,"Cheating / Online Fraud reported at Aland, Kalaburagi on 2025-02-18: the suspect posed as a bank official and obtained the OTP over a phone call."
FIR-0246,246/2025,PS-003,Peenya Police Station,Bengaluru North,Peenya,Robbery,IPC 392; IPC 397,high,2025-01-03,2025-01-02,21:15:00,13.04185,77.49682,the suspects threatened the complainant with a knife and took cash and a mobile phone,chargesheeted,PSI Kiran Desai,"Robbery reported at Peenya, Bengaluru North on 2025-01-02: the suspects threatened the complainant with a knife and took cash and a mobile phone."
FIR-0247,247/2024,PS-004,RT Nagar Police Station,Bengaluru North,RT Nagar,Cheating / Online Fraud,IPC 420; IPC 66D IT Act,medium,2024-08-24,2024-08-23,14:55:00,13.0187,77.57494,the complainant was induced to transfer money on the promise of a part-time job,chargesheeted,PSI Imran Naik,"Cheating / Online Fraud reported at RT Nagar, Bengaluru North on 2024-08-23: the complainant was induced to transfer money on the promise of a part-time job."
FIR-0248,248/2025,PS-002,Hebbal Police Station,Bengaluru North,Hebbal,Narcotics (NDPS),NDPS 20; NDPS 22,high,2025-06-05,2025-06-04,00:48:00,13.02157,77.58444,the accused was found in possession of contraband during a vehicle check at a checkpost,chargesheeted,PSI Anand Hegde,"Narcotics (NDPS) reported at Hebbal, Bengaluru North on 2025-06-04: the accused was found in possession of contraband during a vehicle check at a checkpost."
FIR-0249,249/2025,PS-007,Hunsur Police Station,Mysuru,Hunsur,Robbery,IPC 392; IPC 397,high,2025-06-09,2025-06-09,10:22:00,12.32365,76.30726,an armed group waylaid the complainant on a deserted stretch and robbed the collection amount,under investigation,PSI Ramesh Hegde,"Robbery reported at Hunsur, Mysuru on 2025-06-09: an armed group waylaid the complainant on a deserted stretch and robbed the collection amount."
FIR-0250,250/2024,PS-002,Hebbal Police Station,Bengaluru North,Hebbal,Robbery,IPC 392; IPC 397,high,2024-09-17,2024-09-14,14:43:00,13.04679,77.58251,the suspects threatened the complainant with a knife and took cash and a mobile phone,closed,PSI Roopa Achar,"Robbery reported at Hebbal, Bengaluru North on 2024-09-14: the suspects threatened the complainant with a knife and took cash and a mobile phone."
FIR-0251,251/2024,PS-008,Kalaburagi City Police Station,Kalaburagi,Kalaburagi City,Assault / Hurt,IPC 323; IPC 324,low,2024-10-17,2024-10-16,15:09:00,17.35011,76.84302,the accused caused hurt with a wooden club following a prior enmity,closed,PSI Farhan Jadhav,"Assault / Hurt reported at Kalaburagi City, Kalaburagi on 2024-10-16: the accused caused hurt with a wooden club following a prior enmity."
FIR-0252,252/2025,PS-001,Yelahanka Police Station,Bengaluru North,Yelahanka,House Burglary,IPC 454; IPC 457; IPC 380,medium,2025-11-11,2025-11-09,11:54:00,13.08624,77.58135,entry was gained through an unsecured rear window and the almirah was ransacked,closed,PSI Prakash Achar,"House Burglary reported at Yelahanka, Bengaluru North on 2025-11-09: entry was gained through an unsecured rear window and the almirah was ransacked."
FIR-0253,253/2025,PS-006,Nanjangud Police Station,Mysuru,Nanjangud,Assault / Hurt,IPC 323; IPC 324,low,2025-05-03,2025-05-02,12:15:00,12.13045,76.69784,a quarrel over a parking dispute escalated and the complainant was assaulted,under investigation,PSI Anand Kamath,"Assault / Hurt reported at Nanjangud, Mysuru on 2025-05-02: a quarrel over a parking dispute escalated and the complainant was assaulted."
FIR-0254,254/2025,PS-004,RT Nagar Police Station,Bengaluru North,RT Nagar,House Burglary,IPC 454; IPC 457; IPC 380,medium,2025-04-19,2025-04-16,17:18:00,13.04059,77.61052,the lock of the main door was broken open while the house was locked and the family was away,chargesheeted,PSI Anand Shetty,"House Burglary reported at RT Nagar, Bengaluru North on 2025-04-16: the lock of the main door was broken open while the house was locked and the family was away."
FIR-0255,255/2024,PS-005,Krishnaraja Police Station,Mysuru,Krishnaraja,Vehicle Theft,IPC 379,low,2024-07-26,2024-07-23,15:26:00,12.29822,76.6515,the motorcycle parked outside the residence was stolen during the night,under investigation,PSI Manjunath Jadhav,"Vehicle Theft reported at Krishnaraja, Mysuru on 2024-07-23: the motorcycle parked outside the residence was stolen during the night."
FIR-0256,256/2026,PS-009,Aland Police Station,Kalaburagi,Aland,Assault / Hurt,IPC 323; IPC 324,low,2026-02-16,2026-02-14,14:01:00,17.55759,76.54839,a quarrel over a parking dispute escalated and the complainant was assaulted,chargesheeted,PSI Deepa Bhat,"Assault / Hurt reported at Aland, Kalaburagi on 2026-02-14: a quarrel over a parking dispute escalated and the complainant was assaulted."
FIR-0257,257/2024,PS-003,Peenya Police Station,Bengaluru North,Peenya,Narcotics (NDPS),NDPS 20; NDPS 22,high,2024-09-30,2024-09-28,16:36:00,13.01127,77.51587,a tip-off led to the seizure of contraband from a rented room,under investigation,PSI Rakesh Kamath,"Narcotics (NDPS) reported at Peenya, Bengaluru North on 2024-09-28: a tip-off led to the seizure of contraband from a rented room."
FIR-0258,258/2025,PS-006,Nanjangud Police Station,Mysuru,Nanjangud,Narcotics (NDPS),NDPS 20; NDPS 22,high,2025-12-15,2025-12-14,08:29:00,12.11424,76.66958,a tip-off led to the seizure of contraband from a rented room,under investigation,PSI Bhavya Patil,"Narcotics (NDPS) reported at Nanjangud, Mysuru on 2025-12-14: a tip-off led to the seizure of contraband from a rented room."
FIR-0259,259/2026,PS-005,Krishnaraja Police Station,Mysuru,Krishnaraja,Robbery,IPC 392; IPC 397,high,2026-01-07,2026-01-04,02:05:00,12.29757,76.6748,the suspects threatened the complainant with a knife and took cash and a mobile phone,under investigation,PSI Shwetha Murthy,"Robbery reported at Krishnaraja, Mysuru on 2026-01-04: the suspects threatened the complainant with a knife and took cash and a mobile phone."
FIR-0260,260/2025,PS-006,Nanjangud Police Station,Mysuru,Nanjangud,Chain Snatching,IPC 379; IPC 356,medium,2025-03-04,2025-03-03,23:32:00,12.09689,76.66516,two-wheeler borne suspects snatched the gold chain and fled towards the ring road,closed,PSI Savitha Desai,"Chain Snatching reported at Nanjangud, Mysuru on 2025-03-03: two-wheeler borne suspects snatched the gold chain and fled towards the ring road."
FIR-0261,261/2025,PS-004,RT Nagar Police Station,Bengaluru North,RT Nagar,Chain Snatching,IPC 379; IPC 356,medium,2025-11-19,2025-11-18,05:19:00,13.03984,77.58197,pillion rider snatched the mangalsutra while the complainant was walking on the footpath,closed,PSI Naveen Jadhav,"Chain Snatching reported at RT Nagar, Bengaluru North on 2025-11-18: pillion rider snatched the mangalsutra while the complainant was walking on the footpath."
FIR-0262,262/2025,PS-006,Nanjangud Police Station,Mysuru,Nanjangud,Vehicle Theft,IPC 379,low,2025-12-20,2025-12-20,23:49:00,12.10574,76.67415,the two-wheeler was stolen from outside a commercial complex in broad daylight,chargesheeted,PSI Mahesh Achar,"Vehicle Theft reported at Nanjangud, Mysuru on 2025-12-20: the two-wheeler was stolen from outside a commercial complex in broad daylight."
FIR-0263,263/2025,PS-008,Kalaburagi City Police Station,Kalaburagi,Kalaburagi City,Cheating / Online Fraud,IPC 420; IPC 66D IT Act,medium,2025-01-13,2025-01-10,18:30:00,17.33387,76.85074,the complainant was induced to transfer money on the promise of a part-time job,chargesheeted,PSI Naveen Swamy,"Cheating / Online Fraud reported at Kalaburagi City, Kalaburagi on 2025-01-10: the complainant was induced to transfer money on the promise of a part-time job."
FIR-0264,264/2026,PS-005,Krishnaraja Police Station,Mysuru,Krishnaraja,Cheating / Online Fraud,IPC 420; IPC 66D IT Act,medium,2026-02-24,2026-02-21,05:40:00,12.30038,76.65336,the suspect posed as a bank official and obtained the OTP over a phone call,under investigation,PSI Ramesh Naik,"Cheating / Online Fraud reported at Krishnaraja, Mysuru on 2026-02-21: the suspect posed as a bank official and obtained the OTP over a phone call."
FIR-0265,265/2025,PS-008,Kalaburagi City Police Station,Kalaburagi,Kalaburagi City,Robbery,IPC 392; IPC 397,high,2025-12-11,2025-12-09,06:02:00,17.3126,76.83071,an armed group waylaid the complainant on a deserted stretch and robbed the collection amount,under investigation,PSI Prakash Pujari,"Robbery reported at Kalaburagi City, Kalaburagi on 2025-12-09: an armed group waylaid the complainant on a deserted stretch and robbed the collection amount."
FIR-0266,266/2025,PS-007,Hunsur Police Station,Mysuru,Hunsur,Narcotics (NDPS),NDPS 20; NDPS 22,high,2025-04-24,2025-04-22,03:40:00,12.30441,76.27917,a tip-off led to the seizure of contraband from a rented room,under investigation,PSI Basavaraj Kulkarni,"Narcotics (NDPS) reported at Hunsur, Mysuru on 2025-04-22: a tip-off led to the seizure of contraband from a rented room."
FIR-0267,267/2025,PS-004,RT Nagar Police Station,Bengaluru North,RT Nagar,Cheating / Online Fraud,IPC 420; IPC 66D IT Act,medium,2025-07-13,2025-07-11,06:23:00,13.0046,77.59576,the complainant was induced to transfer money on the promise of a part-time job,closed,PSI Nagaraj Bhat,"Cheating / Online Fraud reported at RT Nagar, Bengaluru North on 2025-07-11: the complainant was induced to transfer money on the promise of a part-time job."
FIR-0268,268/2025,PS-003,Peenya Police Station,Bengaluru North,Peenya,House Burglary,IPC 454; IPC 457; IPC 380,medium,2025-05-22,2025-05-19,07:13:00,13.03164,77.49869,the grill of the ventilator was cut and gold ornaments and cash were taken,chargesheeted,PSI Roopa Jadhav,"House Burglary reported at Peenya, Bengaluru North on 2025-05-19: the grill of the ventilator was cut and gold ornaments and cash were taken."
FIR-0269,269/2025,PS-005,Krishnaraja Police Station,Mysuru,Krishnaraja,House Burglary,IPC 454; IPC 457; IPC 380,medium,2025-06-22,2025-06-22,16:35:00,12.32252,76.66987,the lock of the main door was broken open while the house was locked and the family was away,closed,PSI Savitha Pujari,"House Burglary reported at Krishnaraja, Mysuru on 2025-06-22: the lock of the main door was broken open while the house was locked and the family was away."
FIR-0270,270/2024,PS-009,Aland Police Station,Kalaburagi,Aland,Robbery,IPC 392; IPC 397,high,2024-10-11,2024-10-10,21:02:00,17.55875,76.55646,an armed group waylaid the complainant on a deserted stretch and robbed the collection amount,closed,PSI Prakash Rao,"Robbery reported at Aland, Kalaburagi on 2024-10-10: an armed group waylaid the complainant on a deserted stretch and robbed the collection amount."
FIR-0271,271/2025,PS-008,Kalaburagi City Police Station,Kalaburagi,Kalaburagi City,House Burglary,IPC 454; IPC 457; IPC 380,medium,2025-05-19,2025-05-19,01:24:00,17.31243,76.82331,the grill of the ventilator was cut and gold ornaments and cash were taken,closed,PSI Suresh Bhat,"House Burglary reported at Kalaburagi City, Kalaburagi on 2025-05-19: the grill of the ventilator was cut and gold ornaments and cash were taken."
FIR-0272,272/2026,PS-007,Hunsur Police Station,Mysuru,Hunsur,Narcotics (NDPS),NDPS 20; NDPS 22,high,2026-03-23,2026-03-22,04:47:00,12.28247,76.28406,the accused was found in possession of contraband during a vehicle check at a checkpost,chargesheeted,PSI Mahesh Murthy,"Narcotics (NDPS) reported at Hunsur, Mysuru on 2026-03-22: the accused was found in possession of contraband during a vehicle check at a checkpost."
FIR-0273,273/2024,PS-003,Peenya Police Station,Bengaluru North,Peenya,Robbery,IPC 392; IPC 397,high,2024-12-27,2024-12-26,10:57:00,13.05098,77.50861,an armed group waylaid the complainant on a deserted stretch and robbed the collection amount,under investigation,PSI Kiran Bhat,"Robbery reported at Peenya, Bengaluru North on 2024-12-26: an armed group waylaid the complainant on a deserted stretch and robbed the collection amount."
FIR-0274,274/2026,PS-007,Hunsur Police Station,Mysuru,Hunsur,Vehicle Theft,IPC 379,low,2026-05-20,2026-05-17,11:03:00,12.29725,76.28867,the two-wheeler was stolen from outside a commercial complex in broad daylight,chargesheeted,PSI Manjunath Kamath,"Vehicle Theft reported at Hunsur, Mysuru on 2026-05-17: the two-wheeler was stolen from outside a commercial complex in broad daylight."
FIR-0275,275/2026,PS-001,Yelahanka Police Station,Bengaluru North,Yelahanka,House Burglary,IPC 454; IPC 457; IPC 380,medium,2026-06-01,2026-06-01,18:24:00,13.10336,77.60329,the grill of the ventilator was cut and gold ornaments and cash were taken,chargesheeted,PSI Santhosh Bhat,"House Burglary reported at Yelahanka, Bengaluru North on 2026-06-01: the grill of the ventilator was cut and gold ornaments and cash were taken."
FIR-0276,276/2026,PS-007,Hunsur Police Station,Mysuru,Hunsur,Vehicle Theft,IPC 379,low,2026-04-26,2026-04-26,06:54:00,12.30366,76.31374,the motorcycle parked outside the residence was stolen during the night,under investigation,PSI Nagaraj Rao,"Vehicle Theft reported at Hunsur, Mysuru on 2026-04-26: the motorcycle parked outside the residence was stolen during the night."
FIR-0277,277/2026,PS-001,Yelahanka Police Station,Bengaluru North,Yelahanka,Chain Snatching,IPC 379; IPC 356,medium,2026-04-10,2026-04-10,01:41:00,13.12061,77.6129,two-wheeler borne suspects snatched the gold chain and fled towards the ring road,closed,PSI Ananya Naik,"Chain Snatching reported at Yelahanka, Bengaluru North on 2026-04-10: two-wheeler borne suspects snatched the gold chain and fled towards the ring road."
FIR-0278,278/2024,PS-010,Chittapur Police Station,Kalaburagi,Chittapur,House Burglary,IPC 454; IPC 457; IPC 380,medium,2024-12-21,2024-12-19,20:11:00,17.1172,77.06907,the grill of the ventilator was cut and gold ornaments and cash were taken,chargesheeted,PSI Kavitha Patil,"House Burglary reported at Chittapur, Kalaburagi on 2024-12-19: the grill of the ventilator was cut and gold ornaments and cash were taken."
FIR-0279,279/2025,PS-006,Nanjangud Police Station,Mysuru,Nanjangud,Assault / Hurt,IPC 323; IPC 324,low,2025-10-09,2025-10-08,07:58:00,12.09705,76.69332,the accused caused hurt with a wooden club following a prior enmity,under investigation,PSI Ravi Hegde,"Assault / Hurt reported at Nanjangud, Mysuru on 2025-10-08: the accused caused hurt with a wooden club following a prior enmity."
FIR-0280,280/2026,PS-001,Yelahanka Police Station,Bengaluru North,Yelahanka,Chain Snatching,IPC 379; IPC 356,medium,2026-02-23,2026-02-23,12:36:00,13.08126,77.59277,suspects on a motorcycle without a number plate snatched the chain near a bus stop,chargesheeted,PSI Kiran Shetty,"Chain Snatching reported at Yelahanka, Bengaluru North on 2026-02-23: suspects on a motorcycle without a number plate snatched the chain near a bus stop."
FIR-0281,281/2026,PS-008,Kalaburagi City Police Station,Kalaburagi,Kalaburagi City,Chain Snatching,IPC 379; IPC 356,medium,2026-01-25,2026-01-22,19:43:00,17.31679,76.81686,suspects on a motorcycle without a number plate snatched the chain near a bus stop,under investigation,PSI Shwetha Murthy,"Chain Snatching reported at Kalaburagi City, Kalaburagi on 2026-01-22: suspects on a motorcycle without a number plate snatched the chain near a bus stop."
FIR-0282,282/2025,PS-005,Krishnaraja Police Station,Mysuru,Krishnaraja,Assault / Hurt,IPC 323; IPC 324,low,2025-09-19,2025-09-16,22:29:00,12.3095,76.65181,a quarrel over a parking dispute escalated and the complainant was assaulted,chargesheeted,PSI Basavaraj Reddy,"Assault / Hurt reported at Krishnaraja, Mysuru on 2025-09-16: a quarrel over a parking dispute escalated and the complainant was assaulted."
FIR-0283,283/2026,PS-007,Hunsur Police Station,Mysuru,Hunsur,Narcotics (NDPS),NDPS 20; NDPS 22,high,2026-05-25,2026-05-25,04:59:00,12.30296,76.29775,the accused was found in possession of contraband during a vehicle check at a checkpost,under investigation,PSI Rakesh Prasad,"Narcotics (NDPS) reported at Hunsur, Mysuru on 2026-05-25: the accused was found in possession of contraband during a vehicle check at a checkpost."
FIR-0284,284/2025,PS-008,Kalaburagi City Police Station,Kalaburagi,Kalaburagi City,Chain Snatching,IPC 379; IPC 356,medium,2025-12-19,2025-12-16,02:29:00,17.31502,76.82183,pillion rider snatched the mangalsutra while the complainant was walking on the footpath,chargesheeted,PSI Vidya Shetty,"Chain Snatching reported at Kalaburagi City, Kalaburagi on 2025-12-16: pillion rider snatched the mangalsutra while the complainant was walking on the footpath."
FIR-0285,285/2025,PS-007,Hunsur Police Station,Mysuru,Hunsur,Robbery,IPC 392; IPC 397,high,2025-06-07,2025-06-07,23:15:00,12.29765,76.29283,the suspects threatened the complainant with a knife and took cash and a mobile phone,chargesheeted,PSI Vidya Kamath,"Robbery reported at Hunsur, Mysuru on 2025-06-07: the suspects threatened the complainant with a knife and took cash and a mobile phone."
FIR-0286,286/2025,PS-005,Krishnaraja Police Station,Mysuru,Krishnaraja,Assault / Hurt,IPC 323; IPC 324,low,2025-03-01,2025-02-27,01:10:00,12.29194,76.63811,a quarrel over a parking dispute escalated and the complainant was assaulted,under investigation,PSI Harish Bhat,"Assault / Hurt reported at Krishnaraja, Mysuru on 2025-02-27: a quarrel over a parking dispute escalated and the complainant was assaulted."
FIR-0287,287/2026,PS-001,Yelahanka Police Station,Bengaluru North,Yelahanka,House Burglary,IPC 454; IPC 457; IPC 380,medium,2026-04-09,2026-04-07,20:28:00,13.10272,77.57777,entry was gained through an unsecured rear window and the almirah was ransacked,chargesheeted,PSI Lokesh Swamy,"House Burglary reported at Yelahanka, Bengaluru North on 2026-04-07: entry was gained through an unsecured rear window and the almirah was ransacked."
FIR-0288,288/2025,PS-003,Peenya Police Station,Bengaluru North,Peenya,Narcotics (NDPS),NDPS 20; NDPS 22,high,2025-09-21,2025-09-18,14:53:00,13.0255,77.53193,a tip-off led to the seizure of contraband from a rented room,closed,PSI Naveen Shetty,"Narcotics (NDPS) reported at Peenya, Bengaluru North on 2025-09-18: a tip-off led to the seizure of contraband from a rented room."
FIR-0289,289/2024,PS-006,Nanjangud Police Station,Mysuru,Nanjangud,Cheating / Online Fraud,IPC 420; IPC 66D IT Act,medium,2024-09-02,2024-09-01,17:24:00,12.13163,76.66137,payment was collected for goods advertised online which were never delivered,chargesheeted,PSI Ravi Desai,"Cheating / Online Fraud reported at Nanjangud, Mysuru on 2024-09-01: payment was collected for goods advertised online which were never delivered."
FIR-0290,290/2024,PS-010,Chittapur Police Station,Kalaburagi,Chittapur,Assault / Hurt,IPC 323; IPC 324,low,2024-10-17,2024-10-16,13:21:00,17.12929,77.07622,a quarrel over a parking dispute escalated and the complainant was assaulted,chargesheeted,PSI Imran Reddy,"Assault / Hurt reported at Chittapur, Kalaburagi on 2024-10-16: a quarrel over a parking dispute escalated and the complainant was assaulted."
FIR-0291,291/2025,PS-002,Hebbal Police Station,Bengaluru North,Hebbal,Chain Snatching,IPC 379; IPC 356,medium,2025-04-14,2025-04-14,03:05:00,13.03102,77.59985,pillion rider snatched the mangalsutra while the complainant was walking on the footpath,under investigation,PSI Manjunath Achar,"Chain Snatching reported at Hebbal, Bengaluru North on 2025-04-14: pillion rider snatched the mangalsutra while the complainant was walking on the footpath."
FIR-0292,292/2026,PS-001,Yelahanka Police Station,Bengaluru North,Yelahanka,Narcotics (NDPS),NDPS 20; NDPS 22,high,2026-05-06,2026-05-06,19:55:00,13.10676,77.57618,the accused was found in possession of contraband during a vehicle check at a checkpost,chargesheeted,PSI Nandini Naik,"Narcotics (NDPS) reported at Yelahanka, Bengaluru North on 2026-05-06: the accused was found in possession of contraband during a vehicle check at a checkpost."
FIR-0293,293/2026,PS-005,Krishnaraja Police Station,Mysuru,Krishnaraja,Chain Snatching,IPC 379; IPC 356,medium,2026-03-19,2026-03-18,09:36:00,12.28671,76.66247,pillion rider snatched the mangalsutra while the complainant was walking on the footpath,under investigation,PSI Basavaraj Bhat,"Chain Snatching reported at Krishnaraja, Mysuru on 2026-03-18: pillion rider snatched the mangalsutra while the complainant was walking on the footpath."
FIR-0294,294/2025,PS-002,Hebbal Police Station,Bengaluru North,Hebbal,Cheating / Online Fraud,IPC 420; IPC 66D IT Act,medium,2025-11-10,2025-11-08,08:00:00,13.04786,77.57662,the suspect posed as a bank official and obtained the OTP over a phone call,under investigation,PSI Suresh Prasad,"Cheating / Online Fraud reported at Hebbal, Bengaluru North on 2025-11-08: the suspect posed as a bank official and obtained the OTP over a phone call."
FIR-0295,295/2026,PS-009,Aland Police Station,Kalaburagi,Aland,Vehicle Theft,IPC 379,low,2026-02-26,2026-02-24,16:35:00,17.5511,76.57112,the vehicle was taken from an unattended parking lot after the steering lock was broken,chargesheeted,PSI Ananya Reddy,"Vehicle Theft reported at Aland, Kalaburagi on 2026-02-24: the vehicle was taken from an unattended parking lot after the steering lock was broken."
FIR-0296,296/2026,PS-001,Yelahanka Police Station,Bengaluru North,Yelahanka,Chain Snatching,IPC 379; IPC 356,medium,2026-06-15,2026-06-15,12:59:00,13.11524,77.57714,pillion rider snatched the mangalsutra while the complainant was walking on the footpath,chargesheeted,PSI Rakesh Prasad,"Chain Snatching reported at Yelahanka, Bengaluru North on 2026-06-15: pillion rider snatched the mangalsutra while the complainant was walking on the footpath."
FIR-0297,297/2026,PS-006,Nanjangud Police Station,Mysuru,Nanjangud,Robbery,IPC 392; IPC 397,high,2026-05-21,2026-05-19,15:27:00,12.1047,76.68736,an armed group waylaid the complainant on a deserted stretch and robbed the collection amount,chargesheeted,PSI Pooja Gowda,"Robbery reported at Nanjangud, Mysuru on 2026-05-19: an armed group waylaid the complainant on a deserted stretch and robbed the collection amount."
FIR-0298,298/2025,PS-008,Kalaburagi City Police Station,Kalaburagi,Kalaburagi City,Cheating / Online Fraud,IPC 420; IPC 66D IT Act,medium,2025-04-26,2025-04-23,18:45:00,17.32815,76.83641,the suspect posed as a bank official and obtained the OTP over a phone call,under investigation,PSI Shwetha Prasad,"Cheating / Online Fraud reported at Kalaburagi City, Kalaburagi on 2025-04-23: the suspect posed as a bank official and obtained the OTP over a phone call."
FIR-0299,299/2026,PS-001,Yelahanka Police Station,Bengaluru North,Yelahanka,Chain Snatching,IPC 379; IPC 356,medium,2026-04-07,2026-04-06,19:10:00,13.08444,77.6112,pillion rider snatched the mangalsutra while the complainant was walking on the footpath,chargesheeted,PSI Kavitha Bhat,"Chain Snatching reported at Yelahanka, Bengaluru North on 2026-04-06: pillion rider snatched the mangalsutra while the complainant was walking on the footpath."
FIR-0300,300/2024,PS-005,Krishnaraja Police Station,Mysuru,Krishnaraja,House Burglary,IPC 454; IPC 457; IPC 380,medium,2024-12-13,2024-12-12,16:37:00,12.30058,76.65938,the grill of the ventilator was cut and gold ornaments and cash were taken,under investigation,PSI Vinay Hegde,"House Burglary reported at Krishnaraja, Mysuru on 2024-12-12: the grill of the ventilator was cut and gold ornaments and cash were taken."
